-0.304,-6.2
-0.3038,-6.2
-0.3036,-6.2
-0.3034,-6
-0.3032,-6.2
-0.303,-6.2
-0.3028,-6.2
-0.3026,-6.2
-0.3024,-6.2
-0.3022,-6.2
-0.302,-6
-0.3018,-6
-0.3016,-6.2
-0.3014,-6
-0.3012,-6
-0.301,-6
-0.3008,-6
-0.3006,-6
-0.3004,-6
-0.3002,-6
-0.3,-6
-0.2998,-6
-0.2996,-6
-0.2994,-6
-0.2992,-6
-0.299,-6
-0.2988,-6
-0.2986,-6
-0.2984,-6
-0.2982,-6
-0.298,-6
-0.2978,-6
-0.2976,-6
-0.2974,-6
-0.2972,-6
-0.297,-6
-0.2968,-6
-0.2966,-6
-0.2964,-6
-0.2962,-6
-0.296,-6
-0.2958,-5.8
-0.2956,-5.8
-0.2954,-6
-0.2952,-5.8
-0.295,-5.8
-0.2948,-6
-0.2946,-5.8
-0.2944,-5.8
-0.2942,-5.8
-0.294,-5.8
-0.2938,-5.8
-0.2936,-5.8
-0.2934,-5.8
-0.2932,-6
-0.293,-5.8
-0.2928,-5.8
-0.2926,-5.8
-0.2924,-5.8
-0.2922,-5.8
-0.292,-5.8
-0.2918,-5.8
-0.2916,-5.8
-0.2914,-5.8
-0.2912,-5.8
-0.291,-5.8
-0.2908,-5.8
-0.2906,-5.8
-0.2904,-5.8
-0.2902,-5.8
-0.29,-5.8
-0.2898,-5.8
-0.2896,-5.8
-0.2894,-5.6
-0.2892,-5.8
-0.289,-5.8
-0.2888,-5.6
-0.2886,-5.6
-0.2884,-5.6
-0.2882,-5.6
-0.288,-5.6
-0.2878,-5.6
-0.2876,-5.6
-0.2874,-5.6
-0.2872,-5.6
-0.287,-5.6
-0.2868,-5.6
-0.2866,-5.8
-0.2864,-5.6
-0.2862,-5.6
-0.286,-5.6
-0.2858,-5.6
-0.2856,-5.6
-0.2854,-5.6
-0.2852,-5.6
-0.285,-5.6
-0.2848,-5.6
-0.2846,-5.6
-0.2844,-5.6
-0.2842,-5.4
-0.284,-5.6
-0.2838,-5.6
-0.2836,-5.4
-0.2834,-5.4
-0.2832,-5.6
-0.283,-5.6
-0.2828,-5.6
-0.2826,-5.6
-0.2824,-5.4
-0.2822,-5.4
-0.282,-5.6
-0.2818,-5.4
-0.2816,-5.4
-0.2814,-5.4
-0.2812,-5.6
-0.281,-5.4
-0.2808,-5.4
-0.2806,-5.4
-0.2804,-5.4
-0.2802,-5.4
-0.28,-5.4
-0.2798,-5.4
-0.2796,-5.4
-0.2794,-5.4
-0.2792,-5.4
-0.279,-5.4
-0.2788,-5.4
-0.2786,-5.4
-0.2784,-5.4
-0.2782,-5.4
-0.278,-5.4
-0.2778,-5.2
-0.2776,-5.4
-0.2774,-5.4
-0.2772,-5.4
-0.277,-5.4
-0.2768,-5.4
-0.2766,-5.4
-0.2764,-5.2
-0.2762,-5.2
-0.276,-5.4
-0.2758,-5.4
-0.2756,-5.4
-0.2754,-5.2
-0.2752,-5.4
-0.275,-5.2
-0.2748,-5.4
-0.2746,-5.4
-0.2744,-5.2
-0.2742,-5.4
-0.274,-5.2
-0.2738,-5.2
-0.2736,-5.2
-0.2734,-5.2
-0.2732,-5.2
-0.273,-5.2
-0.2728,-5.2
-0.2726,-5.2
-0.2724,-5.2
-0.2722,-5.2
-0.272,-5.2
-0.2718,-5.2
-0.2716,-5.2
-0.2714,-5.2
-0.2712,-5.2
-0.271,-5.2
-0.2708,-5.2
-0.2706,-5
-0.2704,-5.2
-0.2702,-5.2
-0.27,-5.2
-0.2698,-5.2
-0.2696,-5.2
-0.2694,-5.2
-0.2692,-5.2
-0.269,-5
-0.2688,-5
-0.2686,-5.2
-0.2684,-5.2
-0.2682,-5
-0.268,-5.2
-0.2678,-5
-0.2676,-5
-0.2674,-5.2
-0.2672,-5
-0.267,-5
-0.2668,-5.2
-0.2666,-5
-0.2664,-5
-0.2662,-5
-0.266,-5
-0.2658,-5
-0.2656,-5
-0.2654,-5
-0.2652,-5
-0.265,-5.2
-0.2648,-5
-0.2646,-5
-0.2644,-5
-0.2642,-5
-0.264,-5
-0.2638,-5
-0.2636,-5
-0.2634,-5
-0.2632,-5
-0.263,-5
-0.2628,-5
-0.2626,-5
-0.2624,-5
-0.2622,-5
-0.262,-5
-0.2618,-5
-0.2616,-5
-0.2614,-5
-0.2612,-5
-0.261,-5
-0.2608,-4.8
-0.2606,-4.8
-0.2604,-5
-0.2602,-5
-0.26,-5
-0.2598,-5
-0.2596,-4.8
-0.2594,-5
-0.2592,-5
-0.259,-4.8
-0.2588,-4.8
-0.2586,-5
-0.2584,-5
-0.2582,-5
-0.258,-4.8
-0.2578,-4.8
-0.2576,-4.8
-0.2574,-4.8
-0.2572,-4.8
-0.257,-4.8
-0.2568,-4.8
-0.2566,-5
-0.2564,-4.8
-0.2562,-4.8
-0.256,-4.8
-0.2558,-4.8
-0.2556,-4.8
-0.2554,-4.8
-0.2552,-4.8
-0.255,-4.8
-0.2548,-4.8
-0.2546,-4.8
-0.2544,-4.8
-0.2542,-4.8
-0.254,-4.8
-0.2538,-4.8
-0.2536,-4.8
-0.2534,-4.8
-0.2532,-4.8
-0.253,-4.8
-0.2528,-4.8
-0.2526,-4.8
-0.2524,-4.8
-0.2522,-4.6
-0.252,-4.8
-0.2518,-4.6
-0.2516,-4.6
-0.2514,-4.6
-0.2512,-4.6
-0.251,-4.8
-0.2508,-4.8
-0.2506,-4.6
-0.2504,-4.6
-0.2502,-4.6
-0.25,-4.6
-0.2498,-4.6
-0.2496,-4.6
-0.2494,-4.6
-0.2492,-4.6
-0.249,-4.6
-0.2488,-4.6
-0.2486,-4.6
-0.2484,-4.6
-0.2482,-4.6
-0.248,-4.6
-0.2478,-4.6
-0.2476,-4.6
-0.2474,-4.6
-0.2472,-4.6
-0.247,-4.6
-0.2468,-4.6
-0.2466,-4.4
-0.2464,-4.4
-0.2462,-4.4
-0.246,-4.6
-0.2458,-4.6
-0.2456,-4.6
-0.2454,-4.4
-0.2452,-4.4
-0.245,-4.6
-0.2448,-4.4
-0.2446,-4.4
-0.2444,-4.6
-0.2442,-4.6
-0.244,-4.4
-0.2438,-4.4
-0.2436,-4.4
-0.2434,-4.4
-0.2432,-4.6
-0.243,-4.4
-0.2428,-4.4
-0.2426,-4.4
-0.2424,-4.4
-0.2422,-4.4
-0.242,-4.4
-0.2418,-4.4
-0.2416,-4.4
-0.2414,-4.4
-0.2412,-4.4
-0.241,-4.4
-0.2408,-4.4
-0.2406,-4.2
-0.2404,-4.4
-0.2402,-4.4
-0.24,-4.4
-0.2398,-4.2
-0.2396,-4.4
-0.2394,-4.4
-0.2392,-4.2
-0.239,-4.4
-0.2388,-4.2
-0.2386,-4.4
-0.2384,-4.2
-0.2382,-4.4
-0.238,-4.4
-0.2378,-4.2
-0.2376,-4.2
-0.2374,-4.2
-0.2372,-4.4
-0.237,-4.4
-0.2368,-4.2
-0.2366,-4.2
-0.2364,-4.2
-0.2362,-4.2
-0.236,-4.2
-0.2358,-4.2
-0.2356,-4.2
-0.2354,-4.2
-0.2352,-4.2
-0.235,-4.2
-0.2348,-4.2
-0.2346,-4.2
-0.2344,-4.2
-0.2342,-4.2
-0.234,-4.2
-0.2338,-4.2
-0.2336,-4.2
-0.2334,-4.2
-0.2332,-4.2
-0.233,-4.2
-0.2328,-4.2
-0.2326,-4.2
-0.2324,-4.2
-0.2322,-4.2
-0.232,-4.2
-0.2318,-4.2
-0.2316,-4
-0.2314,-4.2
-0.2312,-4.2
-0.231,-4.2
-0.2308,-4.2
-0.2306,-4
-0.2304,-4.2
-0.2302,-4.2
-0.23,-4.2
-0.2298,-4.2
-0.2296,-4.2
-0.2294,-4.2
-0.2292,-4
-0.229,-4.2
-0.2288,-4
-0.2286,-4.2
-0.2284,-4.2
-0.2282,-4
-0.228,-4.2
-0.2278,-4
-0.2276,-4
-0.2274,-4
-0.2272,-4
-0.227,-4
-0.2268,-4
-0.2266,-4
-0.2264,-4
-0.2262,-4
-0.226,-4
-0.2258,-4
-0.2256,-4
-0.2254,-4
-0.2252,-4
-0.225,-4
-0.2248,-4
-0.2246,-4
-0.2244,-4
-0.2242,-3.8
-0.224,-3.8
-0.2238,-4
-0.2236,-4
-0.2234,-4
-0.2232,-4
-0.223,-3.8
-0.2228,-3.8
-0.2226,-3.8
-0.2224,-4
-0.2222,-3.8
-0.222,-4
-0.2218,-4
-0.2216,-3.8
-0.2214,-3.8
-0.2212,-3.8
-0.221,-3.8
-0.2208,-3.8
-0.2206,-3.8
-0.2204,-3.8
-0.2202,-3.8
-0.22,-3.8
-0.2198,-3.8
-0.2196,-3.8
-0.2194,-3.8
-0.2192,-3.8
-0.219,-3.6
-0.2188,-3.8
-0.2186,-3.8
-0.2184,-3.8
-0.2182,-3.8
-0.218,-3.8
-0.2178,-3.8
-0.2176,-3.8
-0.2174,-3.8
-0.2172,-3.8
-0.217,-3.6
-0.2168,-3.8
-0.2166,-3.8
-0.2164,-3.8
-0.2162,-3.8
-0.216,-3.6
-0.2158,-3.8
-0.2156,-3.6
-0.2154,-3.8
-0.2152,-3.6
-0.215,-3.6
-0.2148,-3.6
-0.2146,-3.6
-0.2144,-3.6
-0.2142,-3.6
-0.214,-3.6
-0.2138,-3.6
-0.2136,-3.8
-0.2134,-3.6
-0.2132,-3.6
-0.213,-3.6
-0.2128,-3.6
-0.2126,-3.6
-0.2124,-3.6
-0.2122,-3.6
-0.212,-3.6
-0.2118,-3.6
-0.2116,-3.6
-0.2114,-3.6
-0.2112,-3.6
-0.211,-3.6
-0.2108,-3.6
-0.2106,-3.6
-0.2104,-3.6
-0.2102,-3.6
-0.21,-3.6
-0.2098,-3.6
-0.2096,-3.4
-0.2094,-3.6
-0.2092,-3.6
-0.209,-3.6
-0.2088,-3.4
-0.2086,-3.6
-0.2084,-3.6
-0.2082,-3.4
-0.208,-3.6
-0.2078,-3.4
-0.2076,-3.6
-0.2074,-3.4
-0.2072,-3.4
-0.207,-3.4
-0.2068,-3.4
-0.2066,-3.4
-0.2064,-3.4
-0.2062,-3.4
-0.206,-3.4
-0.2058,-3.4
-0.2056,-3.4
-0.2054,-3.4
-0.2052,-3.4
-0.205,-3.4
-0.2048,-3.4
-0.2046,-3.4
-0.2044,-3.4
-0.2042,-3.2
-0.204,-3.4
-0.2038,-3.4
-0.2036,-3.4
-0.2034,-3.4
-0.2032,-3.4
-0.203,-3.4
-0.2028,-3.4
-0.2026,-3.4
-0.2024,-3.4
-0.2022,-3.2
-0.202,-3.2
-0.2018,-3.4
-0.2016,-3.2
-0.2014,-3.2
-0.2012,-3.2
-0.201,-3.2
-0.2008,-3.2
-0.2006,-3.2
-0.2004,-3.2
-0.2002,-3.2
-0.2,-3.2
-0.1998,-3.2
-0.1996,-3.2
-0.1994,-3.2
-0.1992,-3.2
-0.199,-3.2
-0.1988,-3.2
-0.1986,-3.2
-0.1984,-3.2
-0.1982,-3.2
-0.198,-3.2
-0.1978,-3.2
-0.1976,-3.2
-0.1974,-3.2
-0.1972,-3.2
-0.197,-3.2
-0.1968,-3.2
-0.1966,-3
-0.1964,-3.2
-0.1962,-3.2
-0.196,-3.2
-0.1958,-3.2
-0.1956,-3.2
-0.1954,-3.2
-0.1952,-3
-0.195,-3.2
-0.1948,-3
-0.1946,-3
-0.1944,-3.2
-0.1942,-3
-0.194,-3
-0.1938,-3
-0.1936,-3
-0.1934,-3
-0.1932,-3
-0.193,-3
-0.1928,-3
-0.1926,-3
-0.1924,-3
-0.1922,-3
-0.192,-3
-0.1918,-3
-0.1916,-3
-0.1914,-3
-0.1912,-3
-0.191,-3
-0.1908,-3
-0.1906,-3
-0.1904,-3
-0.1902,-3
-0.19,-3
-0.1898,-3
-0.1896,-3
-0.1894,-3
-0.1892,-3
-0.189,-2.8
-0.1888,-2.8
-0.1886,-2.8
-0.1884,-2.8
-0.1882,-2.8
-0.188,-3
-0.1878,-3
-0.1876,-2.8
-0.1874,-3
-0.1872,-3
-0.187,-2.8
-0.1868,-3
-0.1866,-2.8
-0.1864,-2.8
-0.1862,-2.8
-0.186,-2.8
-0.1858,-2.8
-0.1856,-2.8
-0.1854,-2.8
-0.1852,-2.8
-0.185,-2.8
-0.1848,-2.8
-0.1846,-2.8
-0.1844,-2.8
-0.1842,-2.8
-0.184,-2.8
-0.1838,-2.8
-0.1836,-2.8
-0.1834,-2.8
-0.1832,-2.8
-0.183,-2.8
-0.1828,-2.8
-0.1826,-2.8
-0.1824,-2.8
-0.1822,-2.8
-0.182,-2.8
-0.1818,-2.8
-0.1816,-2.8
-0.1814,-2.8
-0.1812,-2.8
-0.181,-2.6
-0.1808,-2.8
-0.1806,-2.8
-0.1804,-2.6
-0.1802,-2.6
-0.18,-2.8
-0.1798,-2.8
-0.1796,-2.6
-0.1794,-2.8
-0.1792,-2.6
-0.179,-2.8
-0.1788,-2.6
-0.1786,-2.6
-0.1784,-2.8
-0.1782,-2.6
-0.178,-2.6
-0.1778,-2.6
-0.1776,-2.6
-0.1774,-2.6
-0.1772,-2.6
-0.177,-2.6
-0.1768,-2.6
-0.1766,-2.6
-0.1764,-2.6
-0.1762,-2.6
-0.176,-2.6
-0.1758,-2.6
-0.1756,-2.6
-0.1754,-2.6
-0.1752,-2.6
-0.175,-2.6
-0.1748,-2.6
-0.1746,-2.6
-0.1744,-2.6
-0.1742,-2.6
-0.174,-2.6
-0.1738,-2.6
-0.1736,-2.6
-0.1734,-2.6
-0.1732,-2.6
-0.173,-2.6
-0.1728,-2.6
-0.1726,-2.4
-0.1724,-2.6
-0.1722,-2.6
-0.172,-2.6
-0.1718,-2.4
-0.1716,-2.6
-0.1714,-2.6
-0.1712,-2.4
-0.171,-2.4
-0.1708,-2.4
-0.1706,-2.4
-0.1704,-2.4
-0.1702,-2.4
-0.17,-2.4
-0.1698,-2.4
-0.1696,-2.4
-0.1694,-2.4
-0.1692,-2.4
-0.169,-2.4
-0.1688,-2.4
-0.1686,-2.4
-0.1684,-2.4
-0.1682,-2.4
-0.168,-2.4
-0.1678,-2.4
-0.1676,-2.4
-0.1674,-2.4
-0.1672,-2.4
-0.167,-2.4
-0.1668,-2.2
-0.1666,-2.4
-0.1664,-2.4
-0.1662,-2.2
-0.166,-2.4
-0.1658,-2.4
-0.1656,-2.4
-0.1654,-2.4
-0.1652,-2.2
-0.165,-2.4
-0.1648,-2.4
-0.1646,-2.4
-0.1644,-2.4
-0.1642,-2.4
-0.164,-2.2
-0.1638,-2.2
-0.1636,-2.2
-0.1634,-2.2
-0.1632,-2.2
-0.163,-2.2
-0.1628,-2.2
-0.1626,-2.2
-0.1624,-2.2
-0.1622,-2.2
-0.162,-2.2
-0.1618,-2.2
-0.1616,-2.2
-0.1614,-2.2
-0.1612,-2.2
-0.161,-2.2
-0.1608,-2.2
-0.1606,-2.2
-0.1604,-2.2
-0.1602,-2.2
-0.16,-2.2
-0.1598,-2.2
-0.1596,-2.2
-0.1594,-2.2
-0.1592,-2.2
-0.159,-2
-0.1588,-2
-0.1586,-2
-0.1584,-2
-0.1582,-2.2
-0.158,-2.2
-0.1578,-2
-0.1576,-2.2
-0.1574,-2
-0.1572,-2
-0.157,-2
-0.1568,-2
-0.1566,-2
-0.1564,-2
-0.1562,-2
-0.156,-2
-0.1558,-2
-0.1556,-2
-0.1554,-2
-0.1552,-2
-0.155,-2
-0.1548,-2
-0.1546,-2
-0.1544,-2
-0.1542,-2
-0.154,-2
-0.1538,-2
-0.1536,-2
-0.1534,-2
-0.1532,-1.8
-0.153,-2
-0.1528,-2
-0.1526,-2
-0.1524,-1.8
-0.1522,-2
-0.152,-2
-0.1518,-1.8
-0.1516,-1.8
-0.1514,-2
-0.1512,-1.8
-0.151,-1.8
-0.1508,-1.8
-0.1506,-1.8
-0.1504,-1.8
-0.1502,-1.8
-0.15,-2
-0.1498,-1.8
-0.1496,-1.8
-0.1494,-1.8
-0.1492,-1.8
-0.149,-1.8
-0.1488,-1.8
-0.1486,-1.8
-0.1484,-1.8
-0.1482,-1.8
-0.148,-1.8
-0.1478,-1.8
-0.1476,-1.8
-0.1474,-1.8
-0.1472,-1.8
-0.147,-1.8
-0.1468,-1.8
-0.1466,-1.8
-0.1464,-1.8
-0.1462,-1.8
-0.146,-1.8
-0.1458,-1.8
-0.1456,-1.8
-0.1454,-1.8
-0.1452,-1.8
-0.145,-1.8
-0.1448,-1.6
-0.1446,-1.8
-0.1444,-1.6
-0.1442,-1.8
-0.144,-1.8
-0.1438,-1.6
-0.1436,-1.8
-0.1434,-1.8
-0.1432,-1.8
-0.143,-1.6
-0.1428,-1.6
-0.1426,-1.6
-0.1424,-1.6
-0.1422,-1.6
-0.142,-1.6
-0.1418,-1.6
-0.1416,-1.6
-0.1414,-1.6
-0.1412,-1.6
-0.141,-1.6
-0.1408,-1.6
-0.1406,-1.6
-0.1404,-1.6
-0.1402,-1.6
-0.14,-1.6
-0.1398,-1.6
-0.1396,-1.6
-0.1394,-1.6
-0.1392,-1.6
-0.139,-1.6
-0.1388,-1.6
-0.1386,-1.6
-0.1384,-1.4
-0.1382,-1.6
-0.138,-1.4
-0.1378,-1.6
-0.1376,-1.6
-0.1374,-1.6
-0.1372,-1.4
-0.137,-1.4
-0.1368,-1.4
-0.1366,-1.6
-0.1364,-1.4
-0.1362,-1.4
-0.136,-1.4
-0.1358,-1.4
-0.1356,-1.4
-0.1354,-1.4
-0.1352,-1.4
-0.135,-1.4
-0.1348,-1.4
-0.1346,-1.4
-0.1344,-1.4
-0.1342,-1.4
-0.134,-1.4
-0.1338,-1.4
-0.1336,-1.4
-0.1334,-1.4
-0.1332,-1.4
-0.133,-1.4
-0.1328,-1.2
-0.1326,-1.4
-0.1324,-1.4
-0.1322,-1.4
-0.132,-1.4
-0.1318,-1.2
-0.1316,-1.2
-0.1314,-1.4
-0.1312,-1.4
-0.131,-1.4
-0.1308,-1.4
-0.1306,-1.2
-0.1304,-1.4
-0.1302,-1.2
-0.13,-1.4
-0.1298,-1.2
-0.1296,-1.4
-0.1294,-1.2
-0.1292,-1.2
-0.129,-1.2
-0.1288,-1.2
-0.1286,-1.2
-0.1284,-1.2
-0.1282,-1.2
-0.128,-1.2
-0.1278,-1.2
-0.1276,-1.2
-0.1274,-1.2
-0.1272,-1.2
-0.127,-1.2
-0.1268,-1.2
-0.1266,-1.2
-0.1264,-1.2
-0.1262,-1.2
-0.126,-1.2
-0.1258,-1.2
-0.1256,-1.2
-0.1254,-1
-0.1252,-1.2
-0.125,-1.2
-0.1248,-1.2
-0.1246,-1.2
-0.1244,-1.2
-0.1242,-1
-0.124,-1
-0.1238,-1
-0.1236,-1
-0.1234,-1
-0.1232,-1
-0.123,-1
-0.1228,-1.2
-0.1226,-1
-0.1224,-1
-0.1222,-1
-0.122,-1.2
-0.1218,-1
-0.1216,-1.2
-0.1214,-1
-0.1212,-1
-0.121,-1
-0.1208,-1
-0.1206,-1
-0.1204,-1
-0.1202,-1
-0.12,-1
-0.1198,-1
-0.1196,-1
-0.1194,-1
-0.1192,-1
-0.119,-1
-0.1188,-1
-0.1186,-1
-0.1184,-1
-0.1182,-1
-0.118,-1
-0.1178,-1
-0.1176,-1
-0.1174,-1
-0.1172,-1
-0.117,-0.8
-0.1168,-0.8
-0.1166,-0.8
-0.1164,-0.8
-0.1162,-1
-0.116,-0.8
-0.1158,-0.8
-0.1156,-0.8
-0.1154,-0.8
-0.1152,-0.8
-0.115,-0.8
-0.1148,-0.8
-0.1146,-0.8
-0.1144,-0.8
-0.1142,-0.8
-0.114,-0.8
-0.1138,-0.8
-0.1136,-0.8
-0.1134,-0.8
-0.1132,-0.8
-0.113,-0.8
-0.1128,-0.8
-0.1126,-0.8
-0.1124,-0.8
-0.1122,-0.8
-0.112,-0.6
-0.1118,-0.8
-0.1116,-0.8
-0.1114,-0.8
-0.1112,-0.8
-0.111,-0.8
-0.1108,-0.8
-0.1106,-0.6
-0.1104,-0.6
-0.1102,-0.6
-0.11,-0.8
-0.1098,-0.8
-0.1096,-0.6
-0.1094,-0.6
-0.1092,-0.6
-0.109,-0.6
-0.1088,-0.6
-0.1086,-0.6
-0.1084,-0.6
-0.1082,-0.6
-0.108,-0.6
-0.1078,-0.6
-0.1076,-0.6
-0.1074,-0.6
-0.1072,-0.6
-0.107,-0.6
-0.1068,-0.6
-0.1066,-0.6
-0.1064,-0.6
-0.1062,-0.6
-0.106,-0.6
-0.1058,-0.6
-0.1056,-0.6
-0.1054,-0.6
-0.1052,-0.6
-0.105,-0.6
-0.1048,-0.6
-0.1046,-0.6
-0.1044,-0.6
-0.1042,-0.6
-0.104,-0.6
-0.1038,-0.6
-0.1036,-0.6
-0.1034,-0.6
-0.1032,-0.6
-0.103,-0.6
-0.1028,-0.6
-0.1026,-0.6
-0.1024,-0.6
-0.1022,-0.6
-0.102,-0.6
-0.1018,-0.6
-0.1016,-0.6
-0.1014,-0.6
-0.1012,-0.6
-0.101,-0.6
-0.1008,-0.6
-0.1006,-0.6
-0.1004,-0.6
-0.1002,-0.4
-0.1,-0.6
-0.0998,-0.6
-0.0996,-0.6
-0.0994,-0.6
-0.0992,-0.6
-0.099,-0.6
-0.0988,-0.6
-0.0986,-0.6
-0.0984,-0.6
-0.0982,-0.6
-0.098,-0.4
-0.0978,-0.4
-0.0976,-0.4
-0.0974,-0.4
-0.0972,-0.4
-0.097,-0.4
-0.0968,-0.4
-0.0966,-0.4
-0.0964,-0.4
-0.0962,-0.4
-0.096,-0.4
-0.0958,-0.4
-0.0956,-0.4
-0.0954,-0.4
-0.0952,-0.4
-0.095,-0.4
-0.0948,-0.4
-0.0946,-0.4
-0.0944,-0.4
-0.0942,-0.4
-0.094,-0.4
-0.0938,-0.4
-0.0936,-0.4
-0.0934,-0.4
-0.0932,-0.4
-0.093,-0.2
-0.0928,-0.4
-0.0926,-0.4
-0.0924,-0.4
-0.0922,-0.2
-0.092,-0.2
-0.0918,-0.4
-0.0916,-0.4
-0.0914,-0.4
-0.0912,-0.4
-0.091,-0.4
-0.0908,-0.2
-0.0906,-0.2
-0.0904,-0.2
-0.0902,-0.2
-0.09,-0.4
-0.0898,-0.2
-0.0896,-0.2
-0.0894,-0.2
-0.0892,-0.2
-0.089,-0.2
-0.0888,-0.2
-0.0886,-0.2
-0.0884,-0.2
-0.0882,-0.2
-0.088,-0.2
-0.0878,-0.2
-0.0876,-0.2
-0.0874,-0.2
-0.0872,-0.2
-0.087,-0.2
-0.0868,-0.2
-0.0866,-0.2
-0.0864,0
-0.0862,-0.2
-0.086,0
-0.0858,-0.2
-0.0856,-0.2
-0.0854,0
-0.0852,0
-0.085,-0.2
-0.0848,0
-0.0846,0
-0.0844,0
-0.0842,0
-0.084,0
-0.0838,0
-0.0836,0
-0.0834,0
-0.0832,0
-0.083,-0.2
-0.0828,0
-0.0826,0
-0.0824,0
-0.0822,0
-0.082,0
-0.0818,0
-0.0816,0
-0.0814,0
-0.0812,0
-0.081,0
-0.0808,0
-0.0806,0
-0.0804,0
-0.0802,0
-0.08,0
-0.0798,0
-0.0796,0.2
-0.0794,0
-0.0792,0
-0.079,0
-0.0788,0.2
-0.0786,0.2
-0.0784,0.2
-0.0782,0
-0.078,0.2
-0.0778,0.2
-0.0776,0.2
-0.0774,0.2
-0.0772,0.2
-0.077,0.2
-0.0768,0.2
-0.0766,0.2
-0.0764,0.2
-0.0762,0.2
-0.076,0
-0.0758,0.2
-0.0756,0.2
-0.0754,0.2
-0.0752,0.2
-0.075,0.2
-0.0748,0.2
-0.0746,0.2
-0.0744,0.2
-0.0742,0.2
-0.074,0.2
-0.0738,0.2
-0.0736,0.2
-0.0734,0.2
-0.0732,0.2
-0.073,0.2
-0.0728,0.2
-0.0726,0.2
-0.0724,0.2
-0.0722,0.2
-0.072,0.2
-0.0718,0.2
-0.0716,0.4
-0.0714,0.2
-0.0712,0.4
-0.071,0.4
-0.0708,0.2
-0.0706,0.4
-0.0704,0.4
-0.0702,0.2
-0.07,0.4
-0.0698,0.4
-0.0696,0.4
-0.0694,0.4
-0.0692,0.4
-0.069,0.4
-0.0688,0.4
-0.0686,0.4
-0.0684,0.4
-0.0682,0.4
-0.068,0.4
-0.0678,0.4
-0.0676,0.4
-0.0674,0.4
-0.0672,0.4
-0.067,0.4
-0.0668,0.4
-0.0666,0.4
-0.0664,0.4
-0.0662,0.4
-0.066,0.6
-0.0658,0.4
-0.0656,0.4
-0.0654,0.4
-0.0652,0.4
-0.065,0.4
-0.0648,0.4
-0.0646,0.6
-0.0644,0.4
-0.0642,0.6
-0.064,0.6
-0.0638,0.6
-0.0636,0.6
-0.0634,0.4
-0.0632,0.4
-0.063,0.4
-0.0628,0.6
-0.0626,0.6
-0.0624,0.4
-0.0622,0.6
-0.062,0.6
-0.0618,0.6
-0.0616,0.6
-0.0614,0.6
-0.0612,0.6
-0.061,0.6
-0.0608,0.6
-0.0606,0.6
-0.0604,0.6
-0.0602,0.6
-0.06,0.6
-0.0598,0.6
-0.0596,0.6
-0.0594,0.6
-0.0592,0.6
-0.059,0.6
-0.0588,0.6
-0.0586,0.8
-0.0584,0.8
-0.0582,0.6
-0.058,0.8
-0.0578,0.8
-0.0576,0.8
-0.0574,0.8
-0.0572,0.8
-0.057,0.8
-0.0568,0.6
-0.0566,0.8
-0.0564,0.8
-0.0562,0.8
-0.056,0.8
-0.0558,0.8
-0.0556,0.8
-0.0554,0.8
-0.0552,0.8
-0.055,0.8
-0.0548,0.8
-0.0546,0.8
-0.0544,0.8
-0.0542,0.8
-0.054,0.8
-0.0538,0.8
-0.0536,0.8
-0.0534,0.8
-0.0532,0.8
-0.053,0.8
-0.0528,0.8
-0.0526,0.8
-0.0524,0.8
-0.0522,0.8
-0.052,0.8
-0.0518,0.8
-0.0516,1
-0.0514,0.8
-0.0512,1
-0.051,1
-0.0508,0.8
-0.0506,1
-0.0504,1
-0.0502,1
-0.05,1
-0.0498,1
-0.0496,1
-0.0494,1
-0.0492,0.8
-0.049,1
-0.0488,1
-0.0486,1
-0.0484,1
-0.0482,1
-0.048,1
-0.0478,1
-0.0476,1
-0.0474,1
-0.0472,1
-0.047,1
-0.0468,1
-0.0466,1
-0.0464,1
-0.0462,1
-0.046,1
-0.0458,1
-0.0456,1
-0.0454,1
-0.0452,1
-0.045,1
-0.0448,1
-0.0446,1
-0.0444,1
-0.0442,1.2
-0.044,1
-0.0438,1
-0.0436,1.2
-0.0434,1.2
-0.0432,1
-0.043,1.2
-0.0428,1.2
-0.0426,1.2
-0.0424,1
-0.0422,1.2
-0.042,1.2
-0.0418,1.2
-0.0416,1.2
-0.0414,1.2
-0.0412,1.2
-0.041,1.2
-0.0408,1.2
-0.0406,1.2
-0.0404,1.2
-0.0402,1.2
-0.04,1.2
-0.0398,1.2
-0.0396,1.2
-0.0394,1.2
-0.0392,1.4
-0.039,1.2
-0.0388,1.2
-0.0386,1.4
-0.0384,1.4
-0.0382,1.2
-0.038,1.2
-0.0378,1.2
-0.0376,1.4
-0.0374,1.2
-0.0372,1.2
-0.037,1.4
-0.0368,1.2
-0.0366,1.2
-0.0364,1.2
-0.0362,1.4
-0.036,1.4
-0.0358,1.4
-0.0356,1.4
-0.0354,1.4
-0.0352,1.4
-0.035,1.4
-0.0348,1.2
-0.0346,1.4
-0.0344,1.4
-0.0342,1.4
-0.034,1.4
-0.0338,1.4
-0.0336,1.4
-0.0334,1.4
-0.0332,1.4
-0.033,1.4
-0.0328,1.4
-0.0326,1.4
-0.0324,1.4
-0.0322,1.4
-0.032,1.4
-0.0318,1.4
-0.0316,1.4
-0.0314,1.4
-0.0312,1.4
-0.031,1.4
-0.0308,1.4
-0.0306,1.4
-0.0304,1.4
-0.0302,1.4
-0.03,1.4
-0.0298,1.4
-0.0296,1.4
-0.0294,1.4
-0.0292,1.6
-0.029,1.4
-0.0288,1.6
-0.0286,1.6
-0.0284,1.6
-0.0282,1.6
-0.028,1.4
-0.0278,1.6
-0.0276,1.6
-0.0274,1.6
-0.0272,1.6
-0.027,1.6
-0.0268,1.6
-0.0266,1.6
-0.0264,1.6
-0.0262,1.6
-0.026,1.6
-0.0258,1.6
-0.0256,1.6
-0.0254,1.6
-0.0252,1.6
-0.025,1.6
-0.0248,1.6
-0.0246,1.6
-0.0244,1.6
-0.0242,1.6
-0.024,1.6
-0.0238,1.6
-0.0236,1.6
-0.0234,1.6
-0.0232,1.6
-0.023,1.6
-0.0228,1.6
-0.0226,1.6
-0.0224,1.8
-0.0222,1.6
-0.022,1.6
-0.0218,1.6
-0.0216,1.6
-0.0214,1.6
-0.0212,1.6
-0.021,1.6
-0.0208,1.6
-0.0206,1.6
-0.0204,1.6
-0.0202,1.6
-0.02,1.6
-0.0198,1.6
-0.0196,1.8
-0.0194,1.8
-0.0192,1.8
-0.019,1.6
-0.0188,1.8
-0.0186,1.8
-0.0184,1.6
-0.0182,1.6
-0.018,1.6
-0.0178,1.8
-0.0176,1.8
-0.0174,1.8
-0.0172,1.8
-0.017,1.8
-0.0168,1.8
-0.0166,1.8
-0.0164,1.8
-0.0162,1.8
-0.016,1.8
-0.0158,1.8
-0.0156,1.8
-0.0154,1.8
-0.0152,1.8
-0.015,1.8
-0.0148,1.8
-0.0146,1.8
-0.0144,1.8
-0.0142,1.8
-0.014,2
-0.0138,1.8
-0.0136,1.8
-0.0134,1.8
-0.0132,1.8
-0.013,2
-0.0128,2
-0.0126,2
-0.0124,2
-0.0122,1.8
-0.012,2
-0.0118,1.8
-0.0116,2
-0.0114,2
-0.0112,2
-0.011,2
-0.0108,2
-0.0106,2
-0.0104,2
-0.0102,2
-0.01,1.8
-0.0098,2
-0.0096,2
-0.0094,2
-0.0092,2
-0.009,2
-0.0088,2
-0.0086,2
-0.0084,2
-0.0082,2
-0.008,2
-0.0078,2
-0.0076,2
-0.0074,2
-0.0072,2
-0.007,2.2
-0.0068,2
-0.0066,2
-0.0064,2
-0.0062,2.2
-0.006,2.2
-0.0058,2.2
-0.0056,2.2
-0.0054,2
-0.0052,2
-0.005,2
-0.0048,2
-0.0046,2.2
-0.0044,2.2
-0.0042,2.2
-0.004,2.2
-0.0038,2.2
-0.0036,2.2
-0.0034,2.2
-0.0032,2
-0.003,2.2
-0.0028,2.2
-0.0026,2.2
-0.0024,2.2
-0.0022,2.2
-0.002,2.2
-0.0018,2.2
-0.0016,2.2
-0.0014,2.2
-0.0012,2.2
-0.001,2.2
-0.0008,2.2
-0.0006,2.2
-0.0004,2.2
-0.0002,2.2
0,2.2
0.0002,2.2
0.0004,2.2
0.0006,2.4
0.0008,2.2
0.001,2.4
0.0012,2.2
0.0014,2.4
0.0016,2.4
0.0018,2.4
0.002,2.4
0.0022,2.4
0.0024,2.2
0.0026,2.4
0.0028,2.4
0.003,2.4
0.0032,2.4
0.0034,2.4
0.0036,2.4
0.0038,2.4
0.004,2.4
0.0042,2.4
0.0044,2.4
0.0046,2.4
0.0048,2.4
0.005,2.4
0.0052,2.4
0.0054,2.4
0.0056,2.4
0.0058,2.4
0.006,2.4
0.0062,2.4
0.0064,2.6
0.0066,2.6
0.0068,2.6
0.007,2.4
0.0072,2.4
0.0074,2.4
0.0076,2.4
0.0078,2.4
0.008,2.6
0.0082,2.4
0.0084,2.6
0.0086,2.6
0.0088,2.4
0.009,2.6
0.0092,2.6
0.0094,2.6
0.0096,2.6
0.0098,2.6
0.01,2.6
0.0102,2.6
0.0104,2.6
0.0106,2.6
0.0108,2.6
0.011,2.6
0.0112,2.6
0.0114,2.6
0.0116,2.6
0.0118,2.6
0.012,2.6
0.0122,2.6
0.0124,2.6
0.0126,2.6
0.0128,2.6
0.013,2.6
0.0132,2.6
0.0134,2.8
0.0136,2.6
0.0138,2.8
0.014,2.6
0.0142,2.6
0.0144,2.6
0.0146,2.8
0.0148,2.6
0.015,2.8
0.0152,2.8
0.0154,2.8
0.0156,2.8
0.0158,2.6
0.016,2.8
0.0162,2.8
0.0164,2.6
0.0166,2.8
0.0168,2.8
0.017,2.8
0.0172,2.8
0.0174,2.8
0.0176,2.8
0.0178,2.8
0.018,2.8
0.0182,2.8
0.0184,2.8
0.0186,2.8
0.0188,2.8
0.019,2.8
0.0192,3
0.0194,3
0.0196,2.8
0.0198,2.8
0.02,2.8
0.0202,2.8
0.0204,2.8
0.0206,3
0.0208,2.8
0.021,3
0.0212,2.8
0.0214,2.8
0.0216,3
0.0218,2.8
0.022,2.8
0.0222,3
0.0224,2.8
0.0226,3
0.0228,2.8
0.023,3
0.0232,3
0.0234,3
0.0236,3
0.0238,3
0.024,3
0.0242,3
0.0244,3
0.0246,3
0.0248,3
0.025,3
0.0252,3
0.0254,3
0.0256,3
0.0258,3
0.026,3
0.0262,3.2
0.0264,3
0.0266,3
0.0268,3
0.027,3
0.0272,3
0.0274,3.2
0.0276,3
0.0278,3
0.028,3
0.0282,3.2
0.0284,3
0.0286,3
0.0288,3
0.029,3.2
0.0292,3.2
0.0294,3
0.0296,3.2
0.0298,3.2
0.03,3
0.0302,3.2
0.0304,3.2
0.0306,3.2
0.0308,3.2
0.031,3.2
0.0312,3.2
0.0314,3.2
0.0316,3.2
0.0318,3.2
0.032,3.2
0.0322,3.2
0.0324,3.2
0.0326,3.2
0.0328,3.2
0.033,3.2
0.0332,3.2
0.0334,3.2
0.0336,3.2
0.0338,3.2
0.034,3.2
0.0342,3.2
0.0344,3.2
0.0346,3.2
0.0348,3.2
0.035,3.4
0.0352,3.2
0.0354,3.2
0.0356,3.2
0.0358,3.2
0.036,3.2
0.0362,3.2
0.0364,3.2
0.0366,3.2
0.0368,3.2
0.037,3.4
0.0372,3.4
0.0374,3.2
0.0376,3.2
0.0378,3.4
0.038,3.2
0.0382,3.2
0.0384,3.2
0.0386,3.4
0.0388,3.4
0.039,3.4
0.0392,3.4
0.0394,3.4
0.0396,3.4
0.0398,3.2
0.04,3.4
0.0402,3.4
0.0404,3.4
0.0406,3.4
0.0408,3.4
0.041,3.4
0.0412,3.4
0.0414,3.4
0.0416,3.4
0.0418,3.4
0.042,3.4
0.0422,3.4
0.0424,3.4
0.0426,3.4
0.0428,3.4
0.043,3.4
0.0432,3.4
0.0434,3.4
0.0436,3.4
0.0438,3.4
0.044,3.4
0.0442,3.6
0.0444,3.4
0.0446,3.6
0.0448,3.6
0.045,3.4
0.0452,3.4
0.0454,3.6
0.0456,3.4
0.0458,3.6
0.046,3.6
0.0462,3.6
0.0464,3.6
0.0466,3.6
0.0468,3.6
0.047,3.6
0.0472,3.6
0.0474,3.6
0.0476,3.6
0.0478,3.6
0.048,3.6
0.0482,3.6
0.0484,3.6
0.0486,3.6
0.0488,3.6
0.049,3.6
0.0492,3.6
0.0494,3.6
0.0496,3.6
0.0498,3.6
0.05,3.8
0.0502,3.6
0.0504,3.6
0.0506,3.8
0.0508,3.8
0.051,3.6
0.0512,3.8
0.0514,3.8
0.0516,3.6
0.0518,3.8
0.052,3.6
0.0522,3.6
0.0524,3.6
0.0526,3.6
0.0528,3.8
0.053,3.8
0.0532,3.8
0.0534,3.8
0.0536,3.6
0.0538,3.8
0.054,3.8
0.0542,3.8
0.0544,3.8
0.0546,3.8
0.0548,3.8
0.055,3.8
0.0552,3.8
0.0554,3.8
0.0556,3.8
0.0558,3.8
0.056,3.8
0.0562,3.8
0.0564,3.8
0.0566,3.8
0.0568,3.8
0.057,3.8
0.0572,3.8
0.0574,3.8
0.0576,3.8
0.0578,3.8
0.058,4
0.0582,3.8
0.0584,4
0.0586,3.8
0.0588,4
0.059,3.8
0.0592,3.8
0.0594,3.8
0.0596,4
0.0598,4
0.06,4
0.0602,4
0.0604,3.8
0.0606,3.8
0.0608,3.8
0.061,4
0.0612,3.8
0.0614,4
0.0616,4
0.0618,4
0.062,4
0.0622,3.8
0.0624,4
0.0626,4
0.0628,4
0.063,4
0.0632,4
0.0634,4
0.0636,4
0.0638,4
0.064,4
0.0642,4
0.0644,4
0.0646,4
0.0648,4
0.065,4
0.0652,4
0.0654,4.2
0.0656,4
0.0658,4
0.066,4
0.0662,4
0.0664,4.2
0.0666,4.2
0.0668,4
0.067,4.2
0.0672,4
0.0674,4.2
0.0676,4.2
0.0678,4.2
0.068,4
0.0682,4
0.0684,4
0.0686,4.2
0.0688,4
0.069,4.2
0.0692,4.2
0.0694,4.2
0.0696,4.2
0.0698,4.2
0.07,4.2
0.0702,4.2
0.0704,4.2
0.0706,4.2
0.0708,4.2
0.071,4.2
0.0712,4.2
0.0714,4.2
0.0716,4.2
0.0718,4.2
0.072,4.2
0.0722,4.2
0.0724,4.2
0.0726,4.2
0.0728,4.2
0.073,4.2
0.0732,4.2
0.0734,4.2
0.0736,4.2
0.0738,4.2
0.074,4.4
0.0742,4.4
0.0744,4.2
0.0746,4.4
0.0748,4.2
0.075,4.4
0.0752,4.4
0.0754,4.4
0.0756,4.4
0.0758,4.2
0.076,4.2
0.0762,4.4
0.0764,4.4
0.0766,4.4
0.0768,4.4
0.077,4.4
0.0772,4.4
0.0774,4.4
0.0776,4.4
0.0778,4.4
0.078,4.4
0.0782,4.4
0.0784,4.4
0.0786,4.4
0.0788,4.4
0.079,4.4
0.0792,4.4
0.0794,4.4
0.0796,4.4
0.0798,4.4
0.08,4.4
0.0802,4.6
0.0804,4.4
0.0806,4.4
0.0808,4.4
0.081,4.6
0.0812,4.4
0.0814,4.6
0.0816,4.6
0.0818,4.6
0.082,4.4
0.0822,4.6
0.0824,4.6
0.0826,4.6
0.0828,4.6
0.083,4.6
0.0832,4.6
0.0834,4.6
0.0836,4.6
0.0838,4.6
0.084,4.6
0.0842,4.6
0.0844,4.6
0.0846,4.6
0.0848,4.6
0.085,4.6
0.0852,4.6
0.0854,4.6
0.0856,4.6
0.0858,4.6
0.086,4.6
0.0862,4.6
0.0864,4.6
0.0866,4.8
0.0868,4.6
0.087,4.6
0.0872,4.6
0.0874,4.6
0.0876,4.8
0.0878,4.8
0.088,4.8
0.0882,4.8
0.0884,4.6
0.0886,4.6
0.0888,4.8
0.089,4.8
0.0892,4.8
0.0894,4.8
0.0896,4.8
0.0898,4.8
0.09,4.8
0.0902,4.8
0.0904,4.8
0.0906,4.8
0.0908,4.8
0.091,4.8
0.0912,4.8
0.0914,4.8
0.0916,4.8
0.0918,4.8
0.092,4.8
0.0922,4.8
0.0924,4.8
0.0926,4.8
0.0928,4.8
0.093,4.8
0.0932,4.8
0.0934,4.8
0.0936,4.8
0.0938,4.8
0.094,5
0.0942,4.8
0.0944,4.8
0.0946,5
0.0948,5
0.095,4.8
0.0952,4.8
0.0954,4.8
0.0956,4.8
0.0958,4.8
0.096,4.8
0.0962,5
0.0964,5
0.0966,5
0.0968,4.8
0.097,5
0.0972,5
0.0974,5
0.0976,5
0.0978,5
0.098,5
0.0982,5
0.0984,5
0.0986,5
0.0988,5
0.099,5
0.0992,5
0.0994,5
0.0996,5
0.0998,5.2
0.1,5
0.1002,5
0.1004,5.2
0.1006,5
0.1008,5
0.101,5
0.1012,5
0.1014,5
0.1016,5.2
0.1018,5.2
0.102,5
0.1022,5.2
0.1024,5.2
0.1026,5.2
0.1028,5
0.103,5.2
0.1032,5.2
0.1034,5.2
0.1036,5.2
0.1038,5.2
0.104,5.2
0.1042,5.2
0.1044,5.2
0.1046,5.2
0.1048,5.2
0.105,5.2
0.1052,5.2
0.1054,5.2
0.1056,5.2
0.1058,5.2
0.106,5.2
0.1062,5.2
0.1064,5.2
0.1066,5.2
0.1068,5.2
0.107,5.2
0.1072,5.2
0.1074,5.2
0.1076,5.2
0.1078,5.2
0.108,5.2
0.1082,5.2
0.1084,5.2
0.1086,5.2
0.1088,5.2
0.109,5.2
0.1092,5.4
0.1094,5.2
0.1096,5.2
0.1098,5.2
0.11,5.2
0.1102,5.4
0.1104,5.2
0.1106,5.4
0.1108,5.4
0.111,5.4
0.1112,5.2
0.1114,5.2
0.1116,5.4
0.1118,5.4
0.112,5.4
0.1122,5.4
0.1124,5.2
0.1126,5.4
0.1128,5.4
0.113,5.4
0.1132,5.4
0.1134,5.4
0.1136,5.4
0.1138,5.4
0.114,5.4
0.1142,5.4
0.1144,5.4
0.1146,5.4
0.1148,5.4
0.115,5.4
0.1152,5.4
0.1154,5.4
0.1156,5.4
0.1158,5.4
0.116,5.4
0.1162,5.4
0.1164,5.4
0.1166,5.4
0.1168,5.4
0.117,5.6
0.1172,5.4
0.1174,5.6
0.1176,5.4
0.1178,5.6
0.118,5.4
0.1182,5.6
0.1184,5.6
0.1186,5.6
0.1188,5.6
0.119,5.6
0.1192,5.4
0.1194,5.6
0.1196,5.6
0.1198,5.6
0.12,5.6
0.1202,5.6
0.1204,5.6
0.1206,5.6
0.1208,5.6
0.121,5.6
0.1212,5.6
0.1214,5.6
0.1216,5.6
0.1218,5.6
0.122,5.6
0.1222,5.6
0.1224,5.6
0.1226,5.6
0.1228,5.6
0.123,5.6
0.1232,5.8
0.1234,5.8
0.1236,5.6
0.1238,5.6
0.124,5.8
0.1242,5.8
0.1244,5.8
0.1246,5.8
0.1248,5.6
0.125,5.8
0.1252,5.8
0.1254,5.8
0.1256,5.8
0.1258,5.8
0.126,5.6
0.1262,5.8
0.1264,5.8
0.1266,5.8
0.1268,5.8
0.127,5.8
0.1272,5.8
0.1274,5.8
0.1276,5.8
0.1278,5.8
0.128,5.8
0.1282,5.8
0.1284,6
0.1286,5.8
0.1288,5.8
0.129,6
0.1292,5.8
0.1294,6
0.1296,5.8
0.1298,5.8
0.13,5.8
0.1302,6
0.1304,6
0.1306,5.8
0.1308,5.8
0.131,6
0.1312,6
0.1314,6
0.1316,5.8
0.1318,6
0.132,6
0.1322,6
0.1324,5.8
0.1326,6
0.1328,6
0.133,6
0.1332,5.8
0.1334,6
0.1336,6
0.1338,6
0.134,6
0.1342,6
0.1344,6
0.1346,6
0.1348,6
0.135,6
0.1352,6
0.1354,6
0.1356,6
0.1358,6
0.136,6
0.1362,6.2
0.1364,6
0.1366,6
0.1368,6
0.137,6
0.1372,6.2
0.1374,6
0.1376,6
0.1378,6.2
0.138,6
0.1382,6.2
0.1384,6
0.1386,6.2
0.1388,6.2
0.139,6
0.1392,6.2
0.1394,6.2
0.1396,6.2
0.1398,6.2
0.14,6.2
0.1402,6.2
0.1404,6.2
0.1406,6.2
0.1408,6.2
0.141,6.2
0.1412,6.2
0.1414,6.2
0.1416,6.2
0.1418,6.2
0.142,6.2
0.1422,6.2
0.1424,6.2
0.1426,6.2
0.1428,6.2
0.143,6.2
0.1432,6.2
0.1434,6.2
0.1436,6.2
0.1438,6.2
0.144,6.2
0.1442,6.2
0.1444,6.2
0.1446,6.2
0.1448,6.2
0.145,6.2
0.1452,6.2
0.1454,6.2
0.1456,6.2
0.1458,6.2
0.146,6.2
0.1462,6.2
0.1464,6.2
0.1466,6.2
0.1468,6.4
0.147,6.2
0.1472,6.2
0.1474,6.2
0.1476,6.4
0.1478,6.4
0.148,6.4
0.1482,6.2
0.1484,6.4
0.1486,6.4
0.1488,6.4
0.149,6.2
0.1492,6.4
0.1494,6.4
0.1496,6.4
0.1498,6.4
0.15,6.4
0.1502,6.4
0.1504,6.4
0.1506,6.4
0.1508,6.4
0.151,6.4
0.1512,6.4
0.1514,6.4
0.1516,6.4
0.1518,6.4
0.152,6.4
0.1522,6.4
0.1524,6.4
0.1526,6.4
0.1528,6.4
0.153,6.6
0.1532,6.4
0.1534,6.6
0.1536,6.4
0.1538,6.4
0.154,6.6
0.1542,6.4
0.1544,6.6
0.1546,6.4
0.1548,6.6
0.155,6.4
0.1552,6.6
0.1554,6.4
0.1556,6.6
0.1558,6.6
0.156,6.6
0.1562,6.6
0.1564,6.6
0.1566,6.6
0.1568,6.6
0.157,6.6
0.1572,6.6
0.1574,6.6
0.1576,6.6
0.1578,6.6
0.158,6.6
0.1582,6.6
0.1584,6.6
0.1586,6.6
0.1588,6.6
0.159,6.6
0.1592,6.6
0.1594,6.8
0.1596,6.6
0.1598,6.8
0.16,6.6
0.1602,6.8
0.1604,6.6
0.1606,6.6
0.1608,6.8
0.161,6.8
0.1612,6.8
0.1614,6.8
0.1616,6.8
0.1618,6.8
0.162,6.8
0.1622,6.8
0.1624,6.8
0.1626,6.8
0.1628,6.8
0.163,6.8
0.1632,6.8
0.1634,6.8
0.1636,6.8
0.1638,6.8
0.164,6.8
0.1642,6.8
0.1644,6.8
0.1646,6.8
0.1648,6.8
0.165,6.8
0.1652,6.8
0.1654,7
0.1656,6.8
0.1658,7
0.166,6.8
0.1662,6.8
0.1664,6.8
0.1666,7
0.1668,6.8
0.167,6.8
0.1672,6.8
0.1674,6.8
0.1676,7
0.1678,7
0.168,7
0.1682,7
0.1684,7
0.1686,7
0.1688,7
0.169,7
0.1692,7
0.1694,7
0.1696,7
0.1698,7
0.17,7
0.1702,7
0.1704,7
0.1706,7
0.1708,7
0.171,7
0.1712,7
0.1714,7
0.1716,7
0.1718,7
0.172,7
0.1722,7
0.1724,7
0.1726,7
0.1728,7
0.173,7
0.1732,7
0.1734,7
0.1736,7
0.1738,7
0.174,7
0.1742,7
0.1744,7
0.1746,7
0.1748,7
0.175,7
0.1752,7
0.1754,7.2
0.1756,7
0.1758,7
0.176,7.2
0.1762,7
0.1764,7
0.1766,7.2
0.1768,7.2
0.177,7
0.1772,7.2
0.1774,7
0.1776,7.2
0.1778,7
0.178,7.2
0.1782,7.2
0.1784,7.2
0.1786,7.2
0.1788,7.2
0.179,7.2
0.1792,7.2
0.1794,7.2
0.1796,7.2
0.1798,7.4
0.18,7.2
0.1802,7.2
0.1804,7.2
0.1806,7.2
0.1808,7.2
0.181,7.2
0.1812,7.2
0.1814,7.2
0.1816,7.2
0.1818,7.2
0.182,7.2
0.1822,7.2
0.1824,7.2
0.1826,7.2
0.1828,7.2
0.183,7.4
0.1832,7.2
0.1834,7.4
0.1836,7.4
0.1838,7.4
0.184,7.4
0.1842,7.2
0.1844,7.4
0.1846,7.4
0.1848,7.2
0.185,7.4
0.1852,7.4
0.1854,7.4
0.1856,7.4
0.1858,7.4
0.186,7.4
0.1862,7.4
0.1864,7.4
0.1866,7.4
0.1868,7.4
0.187,7.4
0.1872,7.4
0.1874,7.4
0.1876,7.4
0.1878,7.4
0.188,7.4
0.1882,7.4
0.1884,7.4
0.1886,7.4
0.1888,7.4
0.189,7.4
0.1892,7.6
0.1894,7.4
0.1896,7.4
0.1898,7.4
0.19,7.4
0.1902,7.4
0.1904,7.4
0.1906,7.6
0.1908,7.4
0.191,7.6
0.1912,7.6
0.1914,7.4
0.1916,7.6
0.1918,7.4
0.192,7.6
0.1922,7.6
0.1924,7.6
0.1926,7.6
0.1928,7.4
0.193,7.4
0.1932,7.6
0.1934,7.6
0.1936,7.6
0.1938,7.6
0.194,7.6
0.1942,7.6
0.1944,7.6
0.1946,7.6
0.1948,7.6
0.195,7.6
0.1952,7.6
0.1954,7.6
0.1956,7.6
0.1958,7.6