-0.266,0.192
-0.2658,0.192
-0.2656,0.192
-0.2654,0.2
-0.2652,0.192
-0.265,0.2
-0.2648,0.192
-0.2646,0.192
-0.2644,0.192
-0.2642,0.192
-0.264,0.192
-0.2638,0.2
-0.2636,0.2
-0.2634,0.192
-0.2632,0.192
-0.263,0.192
-0.2628,0.192
-0.2626,0.192
-0.2624,0.192
-0.2622,0.192
-0.262,0.192
-0.2618,0.192
-0.2616,0.192
-0.2614,0.192
-0.2612,0.192
-0.261,0.192
-0.2608,0.192
-0.2606,0.192
-0.2604,0.192
-0.2602,0.192
-0.26,0.2
-0.2598,0.192
-0.2596,0.192
-0.2594,0.192
-0.2592,0.2
-0.259,0.2
-0.2588,0.192
-0.2586,0.2
-0.2584,0.192
-0.2582,0.192
-0.258,0.192
-0.2578,0.192
-0.2576,0.2
-0.2574,0.2
-0.2572,0.192
-0.257,0.2
-0.2568,0.192
-0.2566,0.2
-0.2564,0.192
-0.2562,0.192
-0.256,0.2
-0.2558,0.2
-0.2556,0.192
-0.2554,0.2
-0.2552,0.2
-0.255,0.2
-0.2548,0.2
-0.2546,0.2
-0.2544,0.2
-0.2542,0.2
-0.254,0.2
-0.2538,0.2
-0.2536,0.192
-0.2534,0.2
-0.2532,0.2
-0.253,0.192
-0.2528,0.2
-0.2526,0.192
-0.2524,0.2
-0.2522,0.2
-0.252,0.2
-0.2518,0.2
-0.2516,0.2
-0.2514,0.2
-0.2512,0.208
-0.251,0.2
-0.2508,0.2
-0.2506,0.2
-0.2504,0.2
-0.2502,0.2
-0.25,0.2
-0.2498,0.2
-0.2496,0.2
-0.2494,0.2
-0.2492,0.2
-0.249,0.2
-0.2488,0.2
-0.2486,0.2
-0.2484,0.208
-0.2482,0.2
-0.248,0.2
-0.2478,0.2
-0.2476,0.2
-0.2474,0.2
-0.2472,0.208
-0.247,0.2
-0.2468,0.208
-0.2466,0.2
-0.2464,0.2
-0.2462,0.2
-0.246,0.2
-0.2458,0.2
-0.2456,0.2
-0.2454,0.2
-0.2452,0.2
-0.245,0.2
-0.2448,0.2
-0.2446,0.208
-0.2444,0.2
-0.2442,0.208
-0.244,0.2
-0.2438,0.2
-0.2436,0.2
-0.2434,0.2
-0.2432,0.208
-0.243,0.2
-0.2428,0.2
-0.2426,0.208
-0.2424,0.2
-0.2422,0.2
-0.242,0.2
-0.2418,0.2
-0.2416,0.2
-0.2414,0.208
-0.2412,0.208
-0.241,0.208
-0.2408,0.208
-0.2406,0.2
-0.2404,0.208
-0.2402,0.208
-0.24,0.2
-0.2398,0.2
-0.2396,0.208
-0.2394,0.208
-0.2392,0.2
-0.239,0.208
-0.2388,0.208
-0.2386,0.2
-0.2384,0.208
-0.2382,0.208
-0.238,0.208
-0.2378,0.208
-0.2376,0.208
-0.2374,0.208
-0.2372,0.208
-0.237,0.2
-0.2368,0.208
-0.2366,0.208
-0.2364,0.208
-0.2362,0.208
-0.236,0.208
-0.2358,0.208
-0.2356,0.208
-0.2354,0.208
-0.2352,0.2
-0.235,0.208
-0.2348,0.208
-0.2346,0.208
-0.2344,0.208
-0.2342,0.208
-0.234,0.208
-0.2338,0.208
-0.2336,0.208
-0.2334,0.208
-0.2332,0.208
-0.233,0.208
-0.2328,0.208
-0.2326,0.2
-0.2324,0.208
-0.2322,0.216
-0.232,0.208
-0.2318,0.208
-0.2316,0.208
-0.2314,0.216
-0.2312,0.208
-0.231,0.208
-0.2308,0.208
-0.2306,0.208
-0.2304,0.208
-0.2302,0.208
-0.23,0.208
-0.2298,0.208
-0.2296,0.208
-0.2294,0.208
-0.2292,0.208
-0.229,0.208
-0.2288,0.208
-0.2286,0.216
-0.2284,0.208
-0.2282,0.216
-0.228,0.208
-0.2278,0.208
-0.2276,0.216
-0.2274,0.208
-0.2272,0.208
-0.227,0.216
-0.2268,0.208
-0.2266,0.216
-0.2264,0.216
-0.2262,0.208
-0.226,0.216
-0.2258,0.208
-0.2256,0.216
-0.2254,0.208
-0.2252,0.216
-0.225,0.208
-0.2248,0.216
-0.2246,0.208
-0.2244,0.216
-0.2242,0.208
-0.224,0.216
-0.2238,0.208
-0.2236,0.216
-0.2234,0.216
-0.2232,0.216
-0.223,0.208
-0.2228,0.216
-0.2226,0.208
-0.2224,0.216
-0.2222,0.216
-0.222,0.216
-0.2218,0.208
-0.2216,0.216
-0.2214,0.208
-0.2212,0.216
-0.221,0.208
-0.2208,0.216
-0.2206,0.216
-0.2204,0.208
-0.2202,0.216
-0.22,0.216
-0.2198,0.216
-0.2196,0.216
-0.2194,0.216
-0.2192,0.208
-0.219,0.216
-0.2188,0.216
-0.2186,0.216
-0.2184,0.208
-0.2182,0.216
-0.218,0.208
-0.2178,0.216
-0.2176,0.216
-0.2174,0.216
-0.2172,0.208
-0.217,0.216
-0.2168,0.216
-0.2166,0.216
-0.2164,0.216
-0.2162,0.216
-0.216,0.216
-0.2158,0.216
-0.2156,0.216
-0.2154,0.216
-0.2152,0.216
-0.215,0.208
-0.2148,0.216
-0.2146,0.216
-0.2144,0.216
-0.2142,0.216
-0.214,0.216
-0.2138,0.216
-0.2136,0.224
-0.2134,0.216
-0.2132,0.216
-0.213,0.216
-0.2128,0.216
-0.2126,0.216
-0.2124,0.216
-0.2122,0.216
-0.212,0.224
-0.2118,0.216
-0.2116,0.216
-0.2114,0.216
-0.2112,0.216
-0.211,0.216
-0.2108,0.216
-0.2106,0.216
-0.2104,0.216
-0.2102,0.216
-0.21,0.216
-0.2098,0.224
-0.2096,0.216
-0.2094,0.216
-0.2092,0.216
-0.209,0.216
-0.2088,0.216
-0.2086,0.216
-0.2084,0.224
-0.2082,0.224
-0.208,0.216
-0.2078,0.216
-0.2076,0.216
-0.2074,0.216
-0.2072,0.216
-0.207,0.216
-0.2068,0.216
-0.2066,0.216
-0.2064,0.216
-0.2062,0.224
-0.206,0.216
-0.2058,0.216
-0.2056,0.224
-0.2054,0.216
-0.2052,0.224
-0.205,0.224
-0.2048,0.224
-0.2046,0.224
-0.2044,0.216
-0.2042,0.216
-0.204,0.224
-0.2038,0.216
-0.2036,0.216
-0.2034,0.216
-0.2032,0.216
-0.203,0.224
-0.2028,0.216
-0.2026,0.224
-0.2024,0.224
-0.2022,0.216
-0.202,0.224
-0.2018,0.224
-0.2016,0.224
-0.2014,0.216
-0.2012,0.216
-0.201,0.216
-0.2008,0.216
-0.2006,0.224
-0.2004,0.224
-0.2002,0.224
-0.2,0.216
-0.1998,0.216
-0.1996,0.224
-0.1994,0.224
-0.1992,0.224
-0.199,0.224
-0.1988,0.224
-0.1986,0.224
-0.1984,0.216
-0.1982,0.224
-0.198,0.224
-0.1978,0.224
-0.1976,0.224
-0.1974,0.216
-0.1972,0.224
-0.197,0.224
-0.1968,0.224
-0.1966,0.224
-0.1964,0.224
-0.1962,0.216
-0.196,0.224
-0.1958,0.224
-0.1956,0.224
-0.1954,0.224
-0.1952,0.224
-0.195,0.224
-0.1948,0.224
-0.1946,0.224
-0.1944,0.224
-0.1942,0.224
-0.194,0.224
-0.1938,0.224
-0.1936,0.224
-0.1934,0.224
-0.1932,0.232
-0.193,0.224
-0.1928,0.224
-0.1926,0.224
-0.1924,0.216
-0.1922,0.224
-0.192,0.224
-0.1918,0.224
-0.1916,0.224
-0.1914,0.224
-0.1912,0.224
-0.191,0.224
-0.1908,0.224
-0.1906,0.232
-0.1904,0.232
-0.1902,0.224
-0.19,0.232
-0.1898,0.232
-0.1896,0.232
-0.1894,0.224
-0.1892,0.232
-0.189,0.232
-0.1888,0.224
-0.1886,0.224
-0.1884,0.224
-0.1882,0.224
-0.188,0.232
-0.1878,0.224
-0.1876,0.224
-0.1874,0.232
-0.1872,0.224
-0.187,0.224
-0.1868,0.232
-0.1866,0.224
-0.1864,0.224
-0.1862,0.224
-0.186,0.224
-0.1858,0.232
-0.1856,0.224
-0.1854,0.232
-0.1852,0.232
-0.185,0.232
-0.1848,0.232
-0.1846,0.232
-0.1844,0.224
-0.1842,0.232
-0.184,0.232
-0.1838,0.232
-0.1836,0.232
-0.1834,0.224
-0.1832,0.232
-0.183,0.224
-0.1828,0.224
-0.1826,0.232
-0.1824,0.232
-0.1822,0.232
-0.182,0.232
-0.1818,0.232
-0.1816,0.224
-0.1814,0.232
-0.1812,0.232
-0.181,0.224
-0.1808,0.232
-0.1806,0.224
-0.1804,0.232
-0.1802,0.232
-0.18,0.232
-0.1798,0.232
-0.1796,0.232
-0.1794,0.232
-0.1792,0.232
-0.179,0.232
-0.1788,0.24
-0.1786,0.232
-0.1784,0.232
-0.1782,0.232
-0.178,0.24
-0.1778,0.232
-0.1776,0.232
-0.1774,0.224
-0.1772,0.232
-0.177,0.232
-0.1768,0.232
-0.1766,0.232
-0.1764,0.232
-0.1762,0.232
-0.176,0.24
-0.1758,0.232
-0.1756,0.232
-0.1754,0.232
-0.1752,0.232
-0.175,0.232
-0.1748,0.224
-0.1746,0.232
-0.1744,0.248
-0.1742,0.232
-0.174,0.232
-0.1738,0.24
-0.1736,0.232
-0.1734,0.24
-0.1732,0.232
-0.173,0.232
-0.1728,0.24
-0.1726,0.232
-0.1724,0.232
-0.1722,0.24
-0.172,0.232
-0.1718,0.24
-0.1716,0.24
-0.1714,0.232
-0.1712,0.232
-0.171,0.232
-0.1708,0.232
-0.1706,0.24
-0.1704,0.24
-0.1702,0.24
-0.17,0.24
-0.1698,0.24
-0.1696,0.24
-0.1694,0.232
-0.1692,0.24
-0.169,0.24
-0.1688,0.232
-0.1686,0.232
-0.1684,0.24
-0.1682,0.232
-0.168,0.24
-0.1678,0.24
-0.1676,0.232
-0.1674,0.24
-0.1672,0.232
-0.167,0.24
-0.1668,0.24
-0.1666,0.232
-0.1664,0.24
-0.1662,0.24
-0.166,0.24
-0.1658,0.232
-0.1656,0.24
-0.1654,0.24
-0.1652,0.24
-0.165,0.232
-0.1648,0.24
-0.1646,0.24
-0.1644,0.232
-0.1642,0.24
-0.164,0.24
-0.1638,0.24
-0.1636,0.24
-0.1634,0.24
-0.1632,0.24
-0.163,0.248
-0.1628,0.24
-0.1626,0.24
-0.1624,0.24
-0.1622,0.24
-0.162,0.24
-0.1618,0.24
-0.1616,0.24
-0.1614,0.24
-0.1612,0.24
-0.161,0.24
-0.1608,0.24
-0.1606,0.24
-0.1604,0.24
-0.1602,0.24
-0.16,0.24
-0.1598,0.24
-0.1596,0.24
-0.1594,0.24
-0.1592,0.24
-0.159,0.24
-0.1588,0.24
-0.1586,0.24
-0.1584,0.24
-0.1582,0.248
-0.158,0.24
-0.1578,0.24
-0.1576,0.24
-0.1574,0.24
-0.1572,0.248
-0.157,0.24
-0.1568,0.248
-0.1566,0.24
-0.1564,0.248
-0.1562,0.24
-0.156,0.24
-0.1558,0.24
-0.1556,0.24
-0.1554,0.24
-0.1552,0.24
-0.155,0.24
-0.1548,0.248
-0.1546,0.24
-0.1544,0.248
-0.1542,0.24
-0.154,0.24
-0.1538,0.248
-0.1536,0.248
-0.1534,0.24
-0.1532,0.248
-0.153,0.24
-0.1528,0.24
-0.1526,0.24
-0.1524,0.24
-0.1522,0.248
-0.152,0.24
-0.1518,0.24
-0.1516,0.248
-0.1514,0.248
-0.1512,0.248
-0.151,0.248
-0.1508,0.248
-0.1506,0.248
-0.1504,0.248
-0.1502,0.248
-0.15,0.24
-0.1498,0.248
-0.1496,0.248
-0.1494,0.248
-0.1492,0.248
-0.149,0.248
-0.1488,0.248
-0.1486,0.248
-0.1484,0.248
-0.1482,0.24
-0.148,0.248
-0.1478,0.248
-0.1476,0.24
-0.1474,0.248
-0.1472,0.248
-0.147,0.248
-0.1468,0.248
-0.1466,0.248
-0.1464,0.248
-0.1462,0.248
-0.146,0.248
-0.1458,0.248
-0.1456,0.248
-0.1454,0.24
-0.1452,0.248
-0.145,0.248
-0.1448,0.248
-0.1446,0.248
-0.1444,0.248
-0.1442,0.248
-0.144,0.248
-0.1438,0.248
-0.1436,0.248
-0.1434,0.248
-0.1432,0.256
-0.143,0.248
-0.1428,0.248
-0.1426,0.248
-0.1424,0.248
-0.1422,0.248
-0.142,0.248
-0.1418,0.248
-0.1416,0.248
-0.1414,0.248
-0.1412,0.248
-0.141,0.248
-0.1408,0.248
-0.1406,0.256
-0.1404,0.248
-0.1402,0.256
-0.14,0.248
-0.1398,0.256
-0.1396,0.248
-0.1394,0.256
-0.1392,0.248
-0.139,0.256
-0.1388,0.256
-0.1386,0.256
-0.1384,0.248
-0.1382,0.248
-0.138,0.248
-0.1378,0.248
-0.1376,0.256
-0.1374,0.256
-0.1372,0.256
-0.137,0.256
-0.1368,0.248
-0.1366,0.256
-0.1364,0.256
-0.1362,0.256
-0.136,0.256
-0.1358,0.256
-0.1356,0.256
-0.1354,0.256
-0.1352,0.256
-0.135,0.256
-0.1348,0.256
-0.1346,0.248
-0.1344,0.256
-0.1342,0.256
-0.134,0.256
-0.1338,0.256
-0.1336,0.256
-0.1334,0.256
-0.1332,0.256
-0.133,0.248
-0.1328,0.256
-0.1326,0.256
-0.1324,0.248
-0.1322,0.256
-0.132,0.256
-0.1318,0.256
-0.1316,0.264
-0.1314,0.256
-0.1312,0.256
-0.131,0.256
-0.1308,0.248
-0.1306,0.256
-0.1304,0.256
-0.1302,0.256
-0.13,0.256
-0.1298,0.256
-0.1296,0.256
-0.1294,0.264
-0.1292,0.256
-0.129,0.256
-0.1288,0.256
-0.1286,0.256
-0.1284,0.256
-0.1282,0.256
-0.128,0.256
-0.1278,0.256
-0.1276,0.248
-0.1274,0.256
-0.1272,0.256
-0.127,0.256
-0.1268,0.256
-0.1266,0.264
-0.1264,0.248
-0.1262,0.256
-0.126,0.256
-0.1258,0.256
-0.1256,0.264
-0.1254,0.256
-0.1252,0.248
-0.125,0.256
-0.1248,0.256
-0.1246,0.264
-0.1244,0.256
-0.1242,0.256
-0.124,0.264
-0.1238,0.256
-0.1236,0.256
-0.1234,0.256
-0.1232,0.256
-0.123,0.256
-0.1228,0.264
-0.1226,0.256
-0.1224,0.256
-0.1222,0.264
-0.122,0.256
-0.1218,0.264
-0.1216,0.264
-0.1214,0.256
-0.1212,0.264
-0.121,0.256
-0.1208,0.256
-0.1206,0.256
-0.1204,0.256
-0.1202,0.264
-0.12,0.264
-0.1198,0.256
-0.1196,0.264
-0.1194,0.256
-0.1192,0.256
-0.119,0.264
-0.1188,0.256
-0.1186,0.256
-0.1184,0.264
-0.1182,0.256
-0.118,0.256
-0.1178,0.264
-0.1176,0.264
-0.1174,0.264
-0.1172,0.256
-0.117,0.264
-0.1168,0.264
-0.1166,0.256
-0.1164,0.264
-0.1162,0.264
-0.116,0.264
-0.1158,0.264
-0.1156,0.264
-0.1154,0.256
-0.1152,0.264
-0.115,0.256
-0.1148,0.264
-0.1146,0.264
-0.1144,0.256
-0.1142,0.264
-0.114,0.264
-0.1138,0.264
-0.1136,0.264
-0.1134,0.264
-0.1132,0.264
-0.113,0.264
-0.1128,0.264
-0.1126,0.256
-0.1124,0.264
-0.1122,0.256
-0.112,0.264
-0.1118,0.264
-0.1116,0.264
-0.1114,0.264
-0.1112,0.264
-0.111,0.264
-0.1108,0.264
-0.1106,0.264
-0.1104,0.264
-0.1102,0.264
-0.11,0.264
-0.1098,0.264
-0.1096,0.264
-0.1094,0.264
-0.1092,0.264
-0.109,0.264
-0.1088,0.264
-0.1086,0.264
-0.1084,0.264
-0.1082,0.264
-0.108,0.264
-0.1078,0.264
-0.1076,0.264
-0.1074,0.264
-0.1072,0.264
-0.107,0.264
-0.1068,0.264
-0.1066,0.264
-0.1064,0.272
-0.1062,0.264
-0.106,0.272
-0.1058,0.264
-0.1056,0.264
-0.1054,0.264
-0.1052,0.264
-0.105,0.264
-0.1048,0.264
-0.1046,0.264
-0.1044,0.264
-0.1042,0.264
-0.104,0.264
-0.1038,0.264
-0.1036,0.264
-0.1034,0.264
-0.1032,0.272
-0.103,0.264
-0.1028,0.264
-0.1026,0.264
-0.1024,0.264
-0.1022,0.272
-0.102,0.272
-0.1018,0.264
-0.1016,0.272
-0.1014,0.264
-0.1012,0.264
-0.101,0.272
-0.1008,0.272
-0.1006,0.264
-0.1004,0.264
-0.1002,0.264
-0.1,0.264
-0.0998,0.264
-0.0996,0.264
-0.0994,0.272
-0.0992,0.272
-0.099,0.264
-0.0988,0.272
-0.0986,0.264
-0.0984,0.264
-0.0982,0.272
-0.098,0.264
-0.0978,0.272
-0.0976,0.272
-0.0974,0.272
-0.0972,0.272
-0.097,0.264
-0.0968,0.264
-0.0966,0.272
-0.0964,0.264
-0.0962,0.272
-0.096,0.272
-0.0958,0.264
-0.0956,0.272
-0.0954,0.272
-0.0952,0.264
-0.095,0.272
-0.0948,0.272
-0.0946,0.272
-0.0944,0.272
-0.0942,0.272
-0.094,0.264
-0.0938,0.272
-0.0936,0.272
-0.0934,0.272
-0.0932,0.28
-0.093,0.272
-0.0928,0.28
-0.0926,0.272
-0.0924,0.272
-0.0922,0.28
-0.092,0.272
-0.0918,0.272
-0.0916,0.272
-0.0914,0.264
-0.0912,0.272
-0.091,0.272
-0.0908,0.272
-0.0906,0.272
-0.0904,0.272
-0.0902,0.272
-0.09,0.28
-0.0898,0.272
-0.0896,0.272
-0.0894,0.272
-0.0892,0.272
-0.089,0.272
-0.0888,0.272
-0.0886,0.272
-0.0884,0.272
-0.0882,0.272
-0.088,0.272
-0.0878,0.272
-0.0876,0.272
-0.0874,0.264
-0.0872,0.272
-0.087,0.272
-0.0868,0.272
-0.0866,0.272
-0.0864,0.272
-0.0862,0.28
-0.086,0.272
-0.0858,0.28
-0.0856,0.272
-0.0854,0.28
-0.0852,0.272
-0.085,0.28
-0.0848,0.264
-0.0846,0.28
-0.0844,0.28
-0.0842,0.28
-0.084,0.28
-0.0838,0.272
-0.0836,0.272
-0.0834,0.272
-0.0832,0.272
-0.083,0.28
-0.0828,0.28
-0.0826,0.272
-0.0824,0.28
-0.0822,0.272
-0.082,0.272
-0.0818,0.28
-0.0816,0.28
-0.0814,0.28
-0.0812,0.28
-0.081,0.272
-0.0808,0.272
-0.0806,0.28
-0.0804,0.272
-0.0802,0.28
-0.08,0.28
-0.0798,0.28
-0.0796,0.28
-0.0794,0.272
-0.0792,0.272
-0.079,0.28
-0.0788,0.28
-0.0786,0.272
-0.0784,0.28
-0.0782,0.28
-0.078,0.28
-0.0778,0.28
-0.0776,0.28
-0.0774,0.28
-0.0772,0.272
-0.077,0.28
-0.0768,0.28
-0.0766,0.272
-0.0764,0.288
-0.0762,0.28
-0.076,0.272
-0.0758,0.28
-0.0756,0.28
-0.0754,0.288
-0.0752,0.288
-0.075,0.28
-0.0748,0.272
-0.0746,0.28
-0.0744,0.272
-0.0742,0.28
-0.074,0.28
-0.0738,0.28
-0.0736,0.28
-0.0734,0.28
-0.0732,0.28
-0.073,0.28
-0.0728,0.28
-0.0726,0.28
-0.0724,0.288
-0.0722,0.28
-0.072,0.28
-0.0718,0.288
-0.0716,0.28
-0.0714,0.28
-0.0712,0.288
-0.071,0.28
-0.0708,0.288
-0.0706,0.28
-0.0704,0.28
-0.0702,0.28
-0.07,0.28
-0.0698,0.28
-0.0696,0.28
-0.0694,0.28
-0.0692,0.28
-0.069,0.28
-0.0688,0.28
-0.0686,0.288
-0.0684,0.28
-0.0682,0.288
-0.068,0.28
-0.0678,0.288
-0.0676,0.28
-0.0674,0.28
-0.0672,0.28
-0.067,0.288
-0.0668,0.288
-0.0666,0.28
-0.0664,0.28
-0.0662,0.28
-0.066,0.28
-0.0658,0.28
-0.0656,0.28
-0.0654,0.288
-0.0652,0.288
-0.065,0.288
-0.0648,0.288
-0.0646,0.288
-0.0644,0.28
-0.0642,0.288
-0.064,0.288
-0.0638,0.28
-0.0636,0.288
-0.0634,0.28
-0.0632,0.288
-0.063,0.288
-0.0628,0.288
-0.0626,0.288
-0.0624,0.288
-0.0622,0.28
-0.062,0.288
-0.0618,0.288
-0.0616,0.288
-0.0614,0.288
-0.0612,0.288
-0.061,0.28
-0.0608,0.296
-0.0606,0.28
-0.0604,0.288
-0.0602,0.288
-0.06,0.288
-0.0598,0.288
-0.0596,0.288
-0.0594,0.288
-0.0592,0.288
-0.059,0.288
-0.0588,0.288
-0.0586,0.288
-0.0584,0.28
-0.0582,0.288
-0.058,0.288
-0.0578,0.288
-0.0576,0.288
-0.0574,0.288
-0.0572,0.288
-0.057,0.288
-0.0568,0.288
-0.0566,0.288
-0.0564,0.288
-0.0562,0.288
-0.056,0.288
-0.0558,0.288
-0.0556,0.288
-0.0554,0.288
-0.0552,0.288
-0.055,0.288
-0.0548,0.288
-0.0546,0.288
-0.0544,0.288
-0.0542,0.288
-0.054,0.288
-0.0538,0.288
-0.0536,0.296
-0.0534,0.288
-0.0532,0.288
-0.053,0.296
-0.0528,0.296
-0.0526,0.288
-0.0524,0.288
-0.0522,0.288
-0.052,0.296
-0.0518,0.288
-0.0516,0.288
-0.0514,0.288
-0.0512,0.288
-0.051,0.288
-0.0508,0.288
-0.0506,0.288
-0.0504,0.296
-0.0502,0.288
-0.05,0.288
-0.0498,0.296
-0.0496,0.288
-0.0494,0.288
-0.0492,0.288
-0.049,0.296
-0.0488,0.288
-0.0486,0.296
-0.0484,0.288
-0.0482,0.296
-0.048,0.296
-0.0478,0.288
-0.0476,0.296
-0.0474,0.296
-0.0472,0.288
-0.047,0.296
-0.0468,0.296
-0.0466,0.296
-0.0464,0.296
-0.0462,0.296
-0.046,0.296
-0.0458,0.296
-0.0456,0.288
-0.0454,0.296
-0.0452,0.296
-0.045,0.296
-0.0448,0.296
-0.0446,0.296
-0.0444,0.288
-0.0442,0.288
-0.044,0.296
-0.0438,0.296
-0.0436,0.296
-0.0434,0.296
-0.0432,0.296
-0.043,0.288
-0.0428,0.296
-0.0426,0.296
-0.0424,0.296
-0.0422,0.296
-0.042,0.296
-0.0418,0.288
-0.0416,0.296
-0.0414,0.296
-0.0412,0.296
-0.041,0.296
-0.0408,0.296
-0.0406,0.296
-0.0404,0.304
-0.0402,0.296
-0.04,0.296
-0.0398,0.296
-0.0396,0.288
-0.0394,0.296
-0.0392,0.296
-0.039,0.296
-0.0388,0.296
-0.0386,0.296
-0.0384,0.296
-0.0382,0.296
-0.038,0.296
-0.0378,0.296
-0.0376,0.304
-0.0374,0.296
-0.0372,0.296
-0.037,0.296
-0.0368,0.296
-0.0366,0.296
-0.0364,0.296
-0.0362,0.296
-0.036,0.304
-0.0358,0.296
-0.0356,0.296
-0.0354,0.304
-0.0352,0.296
-0.035,0.304
-0.0348,0.304
-0.0346,0.296
-0.0344,0.296
-0.0342,0.296
-0.034,0.296
-0.0338,0.296
-0.0336,0.296
-0.0334,0.304
-0.0332,0.304
-0.033,0.296
-0.0328,0.304
-0.0326,0.304
-0.0324,0.296
-0.0322,0.296
-0.032,0.304
-0.0318,0.296
-0.0316,0.304
-0.0314,0.304
-0.0312,0.296
-0.031,0.304
-0.0308,0.304
-0.0306,0.304
-0.0304,0.304
-0.0302,0.296
-0.03,0.296
-0.0298,0.304
-0.0296,0.296
-0.0294,0.304
-0.0292,0.304
-0.029,0.304
-0.0288,0.304
-0.0286,0.304
-0.0284,0.296
-0.0282,0.304
-0.028,0.304
-0.0278,0.304
-0.0276,0.304
-0.0274,0.304
-0.0272,0.296
-0.027,0.304
-0.0268,0.296
-0.0266,0.304
-0.0264,0.304
-0.0262,0.296
-0.026,0.304
-0.0258,0.296
-0.0256,0.304
-0.0254,0.304
-0.0252,0.296
-0.025,0.304
-0.0248,0.304
-0.0246,0.304
-0.0244,0.312
-0.0242,0.304
-0.024,0.296
-0.0238,0.296
-0.0236,0.304
-0.0234,0.304
-0.0232,0.312
-0.023,0.296
-0.0228,0.304
-0.0226,0.304
-0.0224,0.296
-0.0222,0.304
-0.022,0.304
-0.0218,0.296
-0.0216,0.304
-0.0214,0.304
-0.0212,0.304
-0.021,0.304
-0.0208,0.304
-0.0206,0.304
-0.0204,0.312
-0.0202,0.304
-0.02,0.304
-0.0198,0.304
-0.0196,0.304
-0.0194,0.312
-0.0192,0.312
-0.019,0.304
-0.0188,0.312
-0.0186,0.304
-0.0184,0.304
-0.0182,0.312
-0.018,0.304
-0.0178,0.304
-0.0176,0.304
-0.0174,0.312
-0.0172,0.304
-0.017,0.312
-0.0168,0.304
-0.0166,0.304
-0.0164,0.304
-0.0162,0.304
-0.016,0.304
-0.0158,0.312
-0.0156,0.312
-0.0154,0.312
-0.0152,0.312
-0.015,0.312
-0.0148,0.312
-0.0146,0.304
-0.0144,0.304
-0.0142,0.312
-0.014,0.304
-0.0138,0.304
-0.0136,0.312
-0.0134,0.304
-0.0132,0.312
-0.013,0.304
-0.0128,0.312
-0.0126,0.312
-0.0124,0.304
-0.0122,0.312
-0.012,0.312
-0.0118,0.304
-0.0116,0.312
-0.0114,0.312
-0.0112,0.304
-0.011,0.312
-0.0108,0.312
-0.0106,0.312
-0.0104,0.312
-0.0102,0.312
-0.01,0.304
-0.0098,0.312
-0.0096,0.304
-0.0094,0.312
-0.0092,0.312
-0.009,0.304
-0.0088,0.32
-0.0086,0.312
-0.0084,0.304
-0.0082,0.312
-0.008,0.312
-0.0078,0.312
-0.0076,0.312
-0.0074,0.304
-0.0072,0.312
-0.007,0.32
-0.0068,0.304
-0.0066,0.312
-0.0064,0.312
-0.0062,0.312
-0.006,0.32
-0.0058,0.312
-0.0056,0.312
-0.0054,0.312
-0.0052,0.312
-0.005,0.304
-0.0048,0.312
-0.0046,0.304
-0.0044,0.312
-0.0042,0.312
-0.004,0.312
-0.0038,0.312
-0.0036,0.312
-0.0034,0.312
-0.0032,0.32
-0.003,0.312
-0.0028,0.312
-0.0026,0.312
-0.0024,0.312
-0.0022,0.312
-0.002,0.312
-0.0018,0.32
-0.0016,0.312
-0.0014,0.32
-0.0012,0.312
-0.001,0.32
-0.0008,0.32
-0.0006,0.32
-0.0004,0.32
-0.0002,0.32
0,0.312
0.0002,0.32
0.0004,0.312
0.0006,0.312
0.0008,0.32
0.001,0.312
0.0012,0.312
0.0014,0.32
0.0016,0.312
0.0018,0.32
0.002,0.32
0.0022,0.312
0.0024,0.32
0.0026,0.312
0.0028,0.312
0.003,0.32
0.0032,0.312
0.0034,0.32
0.0036,0.32
0.0038,0.312
0.004,0.32
0.0042,0.32
0.0044,0.312
0.0046,0.32
0.0048,0.32
0.005,0.32
0.0052,0.32
0.0054,0.312
0.0056,0.312
0.0058,0.32
0.006,0.32
0.0062,0.32
0.0064,0.32
0.0066,0.312
0.0068,0.32
0.007,0.32
0.0072,0.32
0.0074,0.328
0.0076,0.32
0.0078,0.32
0.008,0.32
0.0082,0.32
0.0084,0.32
0.0086,0.32
0.0088,0.312
0.009,0.32
0.0092,0.32
0.0094,0.312
0.0096,0.32
0.0098,0.32
0.01,0.32
0.0102,0.32
0.0104,0.32
0.0106,0.32
0.0108,0.32
0.011,0.32
0.0112,0.32
0.0114,0.328
0.0116,0.32
0.0118,0.32
0.012,0.328
0.0122,0.312
0.0124,0.328
0.0126,0.32
0.0128,0.32
0.013,0.32
0.0132,0.32
0.0134,0.32
0.0136,0.32
0.0138,0.32
0.014,0.32
0.0142,0.32
0.0144,0.32
0.0146,0.32
0.0148,0.328
0.015,0.32
0.0152,0.328
0.0154,0.32
0.0156,0.32
0.0158,0.32
0.016,0.32
0.0162,0.32
0.0164,0.328
0.0166,0.32
0.0168,0.328
0.017,0.328
0.0172,0.32
0.0174,0.32
0.0176,0.328
0.0178,0.32
0.018,0.328
0.0182,0.336
0.0184,0.32
0.0186,0.328
0.0188,0.328
0.019,0.32
0.0192,0.328
0.0194,0.328
0.0196,0.328
0.0198,0.328
0.02,0.32
0.0202,0.328
0.0204,0.328
0.0206,0.32
0.0208,0.328
0.021,0.328
0.0212,0.328
0.0214,0.328
0.0216,0.328
0.0218,0.328
0.022,0.328
0.0222,0.328
0.0224,0.328
0.0226,0.328
0.0228,0.328
0.023,0.328
0.0232,0.328
0.0234,0.32
0.0236,0.328
0.0238,0.336
0.024,0.328
0.0242,0.32
0.0244,0.328
0.0246,0.32
0.0248,0.328
0.025,0.328
0.0252,0.32
0.0254,0.336
0.0256,0.328
0.0258,0.328
0.026,0.328
0.0262,0.32
0.0264,0.328
0.0266,0.32
0.0268,0.328
0.027,0.328
0.0272,0.328
0.0274,0.328
0.0276,0.328
0.0278,0.328
0.028,0.328
0.0282,0.328
0.0284,0.328
0.0286,0.328
0.0288,0.328
0.029,0.328
0.0292,0.336
0.0294,0.336
0.0296,0.328
0.0298,0.328
0.03,0.328
0.0302,0.328
0.0304,0.328
0.0306,0.328
0.0308,0.328
0.031,0.328
0.0312,0.328
0.0314,0.328
0.0316,0.336
0.0318,0.328
0.032,0.336
0.0322,0.336
0.0324,0.336
0.0326,0.336
0.0328,0.328
0.033,0.328
0.0332,0.336
0.0334,0.328
0.0336,0.328
0.0338,0.336
0.034,0.328
0.0342,0.328
0.0344,0.336
0.0346,0.336
0.0348,0.328
0.035,0.336
0.0352,0.328
0.0354,0.336
0.0356,0.336
0.0358,0.328
0.036,0.336
0.0362,0.336
0.0364,0.328
0.0366,0.336
0.0368,0.336
0.037,0.336
0.0372,0.336
0.0374,0.328
0.0376,0.336
0.0378,0.336
0.038,0.336
0.0382,0.336
0.0384,0.336
0.0386,0.336
0.0388,0.336
0.039,0.336
0.0392,0.336
0.0394,0.336
0.0396,0.336
0.0398,0.336
0.04,0.336
0.0402,0.336
0.0404,0.336
0.0406,0.336
0.0408,0.336
0.041,0.336
0.0412,0.336
0.0414,0.328
0.0416,0.344
0.0418,0.336
0.042,0.336
0.0422,0.336
0.0424,0.336
0.0426,0.336
0.0428,0.336
0.043,0.336
0.0432,0.336
0.0434,0.336
0.0436,0.336
0.0438,0.336
0.044,0.336
0.0442,0.336
0.0444,0.336
0.0446,0.336
0.0448,0.336
0.045,0.336
0.0452,0.336
0.0454,0.336
0.0456,0.336
0.0458,0.336
0.046,0.336
0.0462,0.336
0.0464,0.336
0.0466,0.336
0.0468,0.336
0.047,0.336
0.0472,0.336
0.0474,0.336
0.0476,0.336
0.0478,0.336
0.048,0.336
0.0482,0.328
0.0484,0.336
0.0486,0.336
0.0488,0.336
0.049,0.336
0.0492,0.336
0.0494,0.336
0.0496,0.344
0.0498,0.336
0.05,0.336
0.0502,0.336
0.0504,0.336
0.0506,0.336
0.0508,0.344
0.051,0.336
0.0512,0.336
0.0514,0.344
0.0516,0.336
0.0518,0.344
0.052,0.336
0.0522,0.336
0.0524,0.344
0.0526,0.336
0.0528,0.336
0.053,0.344
0.0532,0.336
0.0534,0.336
0.0536,0.336
0.0538,0.336
0.054,0.344
0.0542,0.336
0.0544,0.336
0.0546,0.344
0.0548,0.336
0.055,0.336
0.0552,0.344
0.0554,0.336
0.0556,0.336
0.0558,0.336
0.056,0.336
0.0562,0.336
0.0564,0.344
0.0566,0.336
0.0568,0.336
0.057,0.344
0.0572,0.336
0.0574,0.336
0.0576,0.344
0.0578,0.344
0.058,0.344
0.0582,0.336
0.0584,0.344
0.0586,0.344
0.0588,0.344
0.059,0.336
0.0592,0.344
0.0594,0.336
0.0596,0.336
0.0598,0.344
0.06,0.336
0.0602,0.344
0.0604,0.344
0.0606,0.336
0.0608,0.344
0.061,0.344
0.0612,0.336
0.0614,0.344
0.0616,0.344
0.0618,0.336
0.062,0.344
0.0622,0.344
0.0624,0.344
0.0626,0.344
0.0628,0.344
0.063,0.344
0.0632,0.344
0.0634,0.344
0.0636,0.344
0.0638,0.344
0.064,0.336
0.0642,0.344
0.0644,0.344
0.0646,0.344
0.0648,0.344
0.065,0.344
0.0652,0.344
0.0654,0.344
0.0656,0.344
0.0658,0.344
0.066,0.344
0.0662,0.344
0.0664,0.344
0.0666,0.352
0.0668,0.336
0.067,0.344
0.0672,0.344
0.0674,0.344
0.0676,0.352
0.0678,0.344
0.068,0.344
0.0682,0.344
0.0684,0.344
0.0686,0.344
0.0688,0.344
0.069,0.352
0.0692,0.344
0.0694,0.352
0.0696,0.344
0.0698,0.344
0.07,0.344
0.0702,0.344
0.0704,0.344
0.0706,0.352
0.0708,0.344
0.071,0.352
0.0712,0.344
0.0714,0.352
0.0716,0.344
0.0718,0.344
0.072,0.344
0.0722,0.352
0.0724,0.344
0.0726,0.344
0.0728,0.344
0.073,0.344
0.0732,0.352
0.0734,0.344
0.0736,0.352
0.0738,0.352
0.074,0.352
0.0742,0.344
0.0744,0.352
0.0746,0.344
0.0748,0.344
0.075,0.352
0.0752,0.352
0.0754,0.344
0.0756,0.352
0.0758,0.344
0.076,0.344
0.0762,0.344
0.0764,0.344
0.0766,0.352
0.0768,0.352
0.077,0.352
0.0772,0.352
0.0774,0.352
0.0776,0.352
0.0778,0.352
0.078,0.344
0.0782,0.352
0.0784,0.352
0.0786,0.344
0.0788,0.344
0.079,0.352
0.0792,0.352
0.0794,0.352
0.0796,0.352
0.0798,0.344
0.08,0.352
0.0802,0.352
0.0804,0.352
0.0806,0.352
0.0808,0.352
0.081,0.352
0.0812,0.36
0.0814,0.344
0.0816,0.352
0.0818,0.352
0.082,0.352
0.0822,0.352
0.0824,0.36
0.0826,0.352
0.0828,0.352
0.083,0.352
0.0832,0.352
0.0834,0.352
0.0836,0.352
0.0838,0.352
0.084,0.352
0.0842,0.352
0.0844,0.344
0.0846,0.352
0.0848,0.352
0.085,0.352
0.0852,0.352
0.0854,0.352
0.0856,0.352
0.0858,0.36
0.086,0.352
0.0862,0.36
0.0864,0.352
0.0866,0.352
0.0868,0.352
0.087,0.36
0.0872,0.344
0.0874,0.36
0.0876,0.352
0.0878,0.352
0.088,0.352
0.0882,0.36
0.0884,0.352
0.0886,0.352
0.0888,0.352
0.089,0.352
0.0892,0.36
0.0894,0.352
0.0896,0.352
0.0898,0.352
0.09,0.352
0.0902,0.352
0.0904,0.36
0.0906,0.352
0.0908,0.36
0.091,0.352
0.0912,0.36
0.0914,0.36
0.0916,0.36
0.0918,0.352
0.092,0.36
0.0922,0.352
0.0924,0.36
0.0926,0.36
0.0928,0.36
0.093,0.36
0.0932,0.36
0.0934,0.352
0.0936,0.36
0.0938,0.36
0.094,0.352
0.0942,0.36
0.0944,0.36
0.0946,0.352
0.0948,0.36
0.095,0.36
0.0952,0.36
0.0954,0.368
0.0956,0.352
0.0958,0.36
0.096,0.36
0.0962,0.36
0.0964,0.36
0.0966,0.36
0.0968,0.352
0.097,0.36
0.0972,0.36
0.0974,0.352
0.0976,0.36
0.0978,0.36
0.098,0.36
0.0982,0.36
0.0984,0.36
0.0986,0.36
0.0988,0.36
0.099,0.36
0.0992,0.36
0.0994,0.368
0.0996,0.36
0.0998,0.36
0.1,0.36
0.1002,0.36
0.1004,0.36
0.1006,0.36
0.1008,0.36
0.101,0.36
0.1012,0.368
0.1014,0.36
0.1016,0.36
0.1018,0.36
0.102,0.36
0.1022,0.368
0.1024,0.36
0.1026,0.36
0.1028,0.368
0.103,0.36
0.1032,0.36
0.1034,0.368
0.1036,0.36
0.1038,0.36
0.104,0.368
0.1042,0.36
0.1044,0.36
0.1046,0.368
0.1048,0.36
0.105,0.368
0.1052,0.368
0.1054,0.36
0.1056,0.36
0.1058,0.36
0.106,0.368
0.1062,0.376
0.1064,0.368
0.1066,0.36
0.1068,0.368
0.107,0.36
0.1072,0.36
0.1074,0.36
0.1076,0.36
0.1078,0.36
0.108,0.368
0.1082,0.36
0.1084,0.368
0.1086,0.368
0.1088,0.36
0.109,0.368
0.1092,0.368
0.1094,0.36
0.1096,0.368
0.1098,0.368
0.11,0.36
0.1102,0.376
0.1104,0.368
0.1106,0.368
0.1108,0.368
0.111,0.36
0.1112,0.368
0.1114,0.368
0.1116,0.36
0.1118,0.368
0.112,0.368
0.1122,0.368
0.1124,0.368
0.1126,0.368
0.1128,0.36
0.113,0.368
0.1132,0.368
0.1134,0.36
0.1136,0.368
0.1138,0.36
0.114,0.368
0.1142,0.368
0.1144,0.368
0.1146,0.368
0.1148,0.376
0.115,0.368
0.1152,0.368
0.1154,0.368
0.1156,0.36
0.1158,0.368
0.116,0.368
0.1162,0.368
0.1164,0.368
0.1166,0.368
0.1168,0.368
0.117,0.368
0.1172,0.368
0.1174,0.368
0.1176,0.368
0.1178,0.368
0.118,0.368
0.1182,0.368
0.1184,0.368
0.1186,0.368
0.1188,0.368
0.119,0.368
0.1192,0.368
0.1194,0.376
0.1196,0.368
0.1198,0.376
0.12,0.368
0.1202,0.368
0.1204,0.368
0.1206,0.368
0.1208,0.368
0.121,0.376
0.1212,0.368
0.1214,0.368
0.1216,0.368
0.1218,0.368
0.122,0.368
0.1222,0.376
0.1224,0.368
0.1226,0.368
0.1228,0.376
0.123,0.368
0.1232,0.376
0.1234,0.376
0.1236,0.368
0.1238,0.368
0.124,0.376
0.1242,0.368
0.1244,0.376
0.1246,0.368
0.1248,0.376
0.125,0.376
0.1252,0.368
0.1254,0.368
0.1256,0.376
0.1258,0.368
0.126,0.376
0.1262,0.376
0.1264,0.368
0.1266,0.376
0.1268,0.376
0.127,0.376
0.1272,0.376
0.1274,0.376
0.1276,0.368
0.1278,0.376
0.128,0.376
0.1282,0.368
0.1284,0.384
0.1286,0.376
0.1288,0.376
0.129,0.376
0.1292,0.368
0.1294,0.368
0.1296,0.376
0.1298,0.376
0.13,0.376
0.1302,0.376
0.1304,0.376
0.1306,0.376
0.1308,0.384
0.131,0.376
0.1312,0.376
0.1314,0.368
0.1316,0.368
0.1318,0.376
0.132,0.368
0.1322,0.368
0.1324,0.384
0.1326,0.368
0.1328,0.376
0.133,0.376
0.1332,0.376
0.1334,0.368
0.1336,0.384
0.1338,0.376
0.134,0.376
0.1342,0.376
0.1344,0.376
0.1346,0.376
0.1348,0.384
0.135,0.376
0.1352,0.376
0.1354,0.376
0.1356,0.376
0.1358,0.384
0.136,0.376
0.1362,0.376
0.1364,0.376
0.1366,0.376
0.1368,0.376
0.137,0.376
0.1372,0.376
0.1374,0.376
0.1376,0.376
0.1378,0.368
0.138,0.376
0.1382,0.384
0.1384,0.376
0.1386,0.384
0.1388,0.376
0.139,0.376
0.1392,0.376
0.1394,0.384
0.1396,0.376
0.1398,0.384
0.14,0.376
0.1402,0.384
0.1404,0.384
0.1406,0.376
0.1408,0.376
0.141,0.376
0.1412,0.376
0.1414,0.376
0.1416,0.384
0.1418,0.376
0.142,0.384
0.1422,0.384
0.1424,0.376
0.1426,0.384
0.1428,0.384
0.143,0.384
0.1432,0.384
0.1434,0.384
0.1436,0.384
0.1438,0.376
0.144,0.376
0.1442,0.376
0.1444,0.384
0.1446,0.384
0.1448,0.384
0.145,0.392
0.1452,0.376
0.1454,0.384
0.1456,0.384
0.1458,0.376
0.146,0.376
0.1462,0.384
0.1464,0.384
0.1466,0.384
0.1468,0.392
0.147,0.384
0.1472,0.384
0.1474,0.384
0.1476,0.384
0.1478,0.384
0.148,0.384
0.1482,0.384
0.1484,0.384
0.1486,0.384
0.1488,0.384
0.149,0.384
0.1492,0.376
0.1494,0.384
0.1496,0.384
0.1498,0.384
0.15,0.392
0.1502,0.392
0.1504,0.376
0.1506,0.392
0.1508,0.384
0.151,0.384
0.1512,0.392
0.1514,0.384
0.1516,0.384
0.1518,0.384
0.152,0.384
0.1522,0.384
0.1524,0.384
0.1526,0.384
0.1528,0.392
0.153,0.392
0.1532,0.384
0.1534,0.384
0.1536,0.392
0.1538,0.384
0.154,0.392
0.1542,0.384
0.1544,0.384
0.1546,0.392
0.1548,0.392
0.155,0.384
0.1552,0.384
0.1554,0.376
0.1556,0.384
0.1558,0.392
0.156,0.384
0.1562,0.384
0.1564,0.384
0.1566,0.384
0.1568,0.384
0.157,0.392
0.1572,0.392
0.1574,0.392
0.1576,0.392
0.1578,0.384
0.158,0.384
0.1582,0.384
0.1584,0.384
0.1586,0.392
0.1588,0.392
0.159,0.384
0.1592,0.392
0.1594,0.392
0.1596,0.392
0.1598,0.392
0.16,0.392
0.1602,0.392
0.1604,0.392
0.1606,0.392
0.1608,0.384
0.161,0.392
0.1612,0.392
0.1614,0.392
0.1616,0.392
0.1618,0.384
0.162,0.392
0.1622,0.392
0.1624,0.392
0.1626,0.392
0.1628,0.392
0.163,0.384
0.1632,0.4
0.1634,0.392
0.1636,0.384
0.1638,0.392
0.164,0.392
0.1642,0.392
0.1644,0.4
0.1646,0.384
0.1648,0.384
0.165,0.392
0.1652,0.392
0.1654,0.392
0.1656,0.392
0.1658,0.416
0.166,0.392
0.1662,0.4
0.1664,0.384
0.1666,0.392
0.1668,0.392
0.167,0.384
0.1672,0.392
0.1674,0.392
0.1676,0.392
0.1678,0.4
0.168,0.392
0.1682,0.392
0.1684,0.4
0.1686,0.4
0.1688,0.392
0.169,0.392
0.1692,0.384
0.1694,0.392
0.1696,0.392
0.1698,0.384
0.17,0.4
0.1702,0.392
0.1704,0.392
0.1706,0.4
0.1708,0.4
0.171,0.384
0.1712,0.4
0.1714,0.4
0.1716,0.392
0.1718,0.4
0.172,0.4
0.1722,0.392
0.1724,0.4
0.1726,0.392
0.1728,0.392
0.173,0.4
0.1732,0.392
0.1734,0.392
0.1736,0.4
0.1738,0.4
0.174,0.392
0.1742,0.4
0.1744,0.392
0.1746,0.4
0.1748,0.4
0.175,0.392
0.1752,0.4
0.1754,0.4
0.1756,0.392
0.1758,0.4
0.176,0.392
0.1762,0.392
0.1764,0.4
0.1766,0.4
0.1768,0.4
0.177,0.4
0.1772,0.4
0.1774,0.4
0.1776,0.4
0.1778,0.392
0.178,0.4
0.1782,0.4
0.1784,0.4
0.1786,0.392
0.1788,0.4
0.179,0.392
0.1792,0.4
0.1794,0.4
0.1796,0.392
0.1798,0.4
0.18,0.4
0.1802,0.4
0.1804,0.4
0.1806,0.392
0.1808,0.392
0.181,0.4
0.1812,0.4
0.1814,0.4
0.1816,0.4
0.1818,0.4
0.182,0.4
0.1822,0.416
0.1824,0.4
0.1826,0.4
0.1828,0.4
0.183,0.392
0.1832,0.392
0.1834,0.408
0.1836,0.4
0.1838,0.4
0.184,0.4
0.1842,0.392
0.1844,0.4
0.1846,0.408
0.1848,0.392
0.185,0.4
0.1852,0.4
0.1854,0.392
0.1856,0.4
0.1858,0.4
0.186,0.4
0.1862,0.408
0.1864,0.408
0.1866,0.4
0.1868,0.4
0.187,0.4
0.1872,0.4
0.1874,0.408
0.1876,0.4
0.1878,0.4
0.188,0.408
0.1882,0.4
0.1884,0.4
0.1886,0.408
0.1888,0.4
0.189,0.408
0.1892,0.408
0.1894,0.4
0.1896,0.4
0.1898,0.408
0.19,0.4
0.1902,0.4
0.1904,0.4
0.1906,0.4
0.1908,0.4
0.191,0.4
0.1912,0.4
0.1914,0.408
0.1916,0.408
0.1918,0.408
0.192,0.408
0.1922,0.4
0.1924,0.4
0.1926,0.4
0.1928,0.4
0.193,0.4
0.1932,0.416
0.1934,0.4
0.1936,0.408
0.1938,0.408
0.194,0.4
0.1942,0.408
0.1944,0.408
0.1946,0.4
0.1948,0.408
0.195,0.408
0.1952,0.408
0.1954,0.408
0.1956,0.408
0.1958,0.4
0.196,0.408
0.1962,0.408
0.1964,0.408
0.1966,0.408
0.1968,0.4
0.197,0.408
0.1972,0.408
0.1974,0.408
0.1976,0.4
0.1978,0.408
0.198,0.408
0.1982,0.408
0.1984,0.408
0.1986,0.4
0.1988,0.408
0.199,0.416
0.1992,0.4
0.1994,0.408
0.1996,0.408
0.1998,0.4
0.2,0.408
0.2002,0.408
0.2004,0.408
0.2006,0.408
0.2008,0.416
0.201,0.408
0.2012,0.416
0.2014,0.416
0.2016,0.408
0.2018,0.408
0.202,0.408
0.2022,0.408
0.2024,0.416
0.2026,0.408
0.2028,0.408
0.203,0.416
0.2032,0.408
0.2034,0.408
0.2036,0.408
0.2038,0.408
0.204,0.416
0.2042,0.416
0.2044,0.408
0.2046,0.416
0.2048,0.416
0.205,0.408
0.2052,0.408
0.2054,0.408
0.2056,0.408
0.2058,0.416
0.206,0.408
0.2062,0.408
0.2064,0.416
0.2066,0.416
0.2068,0.408
0.207,0.416
0.2072,0.408
0.2074,0.408
0.2076,0.416
0.2078,0.4
0.208,0.408
0.2082,0.416
0.2084,0.408
0.2086,0.408
0.2088,0.416
0.209,0.408
0.2092,0.408
0.2094,0.416
0.2096,0.408
0.2098,0.416
0.21,0.416
0.2102,0.408
0.2104,0.416
0.2106,0.416
0.2108,0.408
0.211,0.424
0.2112,0.416
0.2114,0.416
0.2116,0.416
0.2118,0.416
0.212,0.416
0.2122,0.424
0.2124,0.408
0.2126,0.416
0.2128,0.424
0.213,0.408
0.2132,0.408
0.2134,0.424
0.2136,0.416
0.2138,0.416
0.214,0.416
0.2142,0.408
0.2144,0.416
0.2146,0.416
0.2148,0.416
0.215,0.416
0.2152,0.416
0.2154,0.408
0.2156,0.424
0.2158,0.416
0.216,0.416
0.2162,0.416
0.2164,0.416
0.2166,0.416
0.2168,0.424
0.217,0.416
0.2172,0.416
0.2174,0.416
0.2176,0.416
0.2178,0.424
0.218,0.424
0.2182,0.416
0.2184,0.416
0.2186,0.416
0.2188,0.416
0.219,0.416
0.2192,0.416
0.2194,0.416
0.2196,0.416
0.2198,0.424
0.22,0.416
0.2202,0.424
0.2204,0.424
0.2206,0.416
0.2208,0.416
0.221,0.424
0.2212,0.416
0.2214,0.424
0.2216,0.424
0.2218,0.416
0.222,0.424
0.2222,0.416
0.2224,0.416
0.2226,0.424
0.2228,0.424
0.223,0.416
0.2232,0.424
0.2234,0.416
0.2236,0.416
0.2238,0.424
0.224,0.424
0.2242,0.416
0.2244,0.424
0.2246,0.416
0.2248,0.424
0.225,0.424
0.2252,0.416
0.2254,0.424
0.2256,0.424
0.2258,0.416
0.226,0.424
0.2262,0.424
0.2264,0.416
0.2266,0.424
0.2268,0.424
0.227,0.424
0.2272,0.424
0.2274,0.424
0.2276,0.416
0.2278,0.424
0.228,0.424
0.2282,0.424
0.2284,0.424
0.2286,0.424
0.2288,0.416
0.229,0.424
0.2292,0.416
0.2294,0.424
0.2296,0.424
0.2298,0.416
0.23,0.424
0.2302,0.424
0.2304,0.416
0.2306,0.424
0.2308,0.424
0.231,0.416
0.2312,0.416
0.2314,0.424
0.2316,0.424
0.2318,0.424
0.232,0.424
0.2322,0.416
0.2324,0.424
0.2326,0.424
0.2328,0.424
0.233,0.424
0.2332,0.424
0.2334,0.424
0.2336,0.424
0.2338,0.424