-0.348,0.648
-0.3478,0.648
-0.3476,0.656
-0.3474,0.656
-0.3472,0.64
-0.347,0.656
-0.3468,0.656
-0.3466,0.64
-0.3464,0.648
-0.3462,0.648
-0.346,0.656
-0.3458,0.648
-0.3456,0.656
-0.3454,0.664
-0.3452,0.648
-0.345,0.656
-0.3448,0.648
-0.3446,0.656
-0.3444,0.656
-0.3442,0.656
-0.344,0.648
-0.3438,0.648
-0.3436,0.656
-0.3434,0.648
-0.3432,0.648
-0.343,0.656
-0.3428,0.648
-0.3426,0.648
-0.3424,0.656
-0.3422,0.656
-0.342,0.64
-0.3418,0.656
-0.3416,0.664
-0.3414,0.648
-0.3412,0.648
-0.341,0.656
-0.3408,0.648
-0.3406,0.648
-0.3404,0.648
-0.3402,0.656
-0.34,0.648
-0.3398,0.672
-0.3396,0.664
-0.3394,0.648
-0.3392,0.656
-0.339,0.656
-0.3388,0.648
-0.3386,0.648
-0.3384,0.656
-0.3382,0.656
-0.338,0.648
-0.3378,0.648
-0.3376,0.648
-0.3374,0.648
-0.3372,0.656
-0.337,0.664
-0.3368,0.648
-0.3366,0.656
-0.3364,0.664
-0.3362,0.656
-0.336,0.656
-0.3358,0.664
-0.3356,0.656
-0.3354,0.648
-0.3352,0.656
-0.335,0.656
-0.3348,0.648
-0.3346,0.656
-0.3344,0.664
-0.3342,0.648
-0.334,0.656
-0.3338,0.664
-0.3336,0.648
-0.3334,0.656
-0.3332,0.664
-0.333,0.656
-0.3328,0.648
-0.3326,0.656
-0.3324,0.656
-0.3322,0.648
-0.332,0.664
-0.3318,0.656
-0.3316,0.656
-0.3314,0.656
-0.3312,0.664
-0.331,0.656
-0.3308,0.656
-0.3306,0.664
-0.3304,0.656
-0.3302,0.656
-0.33,0.664
-0.3298,0.656
-0.3296,0.648
-0.3294,0.664
-0.3292,0.664
-0.329,0.656
-0.3288,0.656
-0.3286,0.664
-0.3284,0.656
-0.3282,0.656
-0.328,0.664
-0.3278,0.656
-0.3276,0.656
-0.3274,0.664
-0.3272,0.656
-0.327,0.656
-0.3268,0.664
-0.3266,0.664
-0.3264,0.656
-0.3262,0.656
-0.326,0.664
-0.3258,0.656
-0.3256,0.664
-0.3254,0.664
-0.3252,0.664
-0.325,0.656
-0.3248,0.672
-0.3246,0.664
-0.3244,0.656
-0.3242,0.664
-0.324,0.664
-0.3238,0.664
-0.3236,0.664
-0.3234,0.664
-0.3232,0.656
-0.323,0.656
-0.3228,0.664
-0.3226,0.664
-0.3224,0.656
-0.3222,0.672
-0.322,0.672
-0.3218,0.656
-0.3216,0.664
-0.3214,0.664
-0.3212,0.656
-0.321,0.664
-0.3208,0.672
-0.3206,0.664
-0.3204,0.656
-0.3202,0.664
-0.32,0.664
-0.3198,0.656
-0.3196,0.672
-0.3194,0.672
-0.3192,0.656
-0.319,0.664
-0.3188,0.664
-0.3186,0.656
-0.3184,0.656
-0.3182,0.672
-0.318,0.656
-0.3178,0.664
-0.3176,0.664
-0.3174,0.664
-0.3172,0.656
-0.317,0.672
-0.3168,0.664
-0.3166,0.648
-0.3164,0.664
-0.3162,0.664
-0.316,0.664
-0.3158,0.664
-0.3156,0.672
-0.3154,0.672
-0.3152,0.664
-0.315,0.672
-0.3148,0.672
-0.3146,0.656
-0.3144,0.672
-0.3142,0.664
-0.314,0.656
-0.3138,0.672
-0.3136,0.672
-0.3134,0.664
-0.3132,0.664
-0.313,0.672
-0.3128,0.672
-0.3126,0.656
-0.3124,0.672
-0.3122,0.672
-0.312,0.664
-0.3118,0.672
-0.3116,0.672
-0.3114,0.656
-0.3112,0.672
-0.311,0.672
-0.3108,0.664
-0.3106,0.664
-0.3104,0.68
-0.3102,0.664
-0.31,0.664
-0.3098,0.672
-0.3096,0.664
-0.3094,0.664
-0.3092,0.672
-0.309,0.664
-0.3088,0.664
-0.3086,0.672
-0.3084,0.672
-0.3082,0.664
-0.308,0.672
-0.3078,0.68
-0.3076,0.664
-0.3074,0.664
-0.3072,0.672
-0.307,0.664
-0.3068,0.664
-0.3066,0.68
-0.3064,0.672
-0.3062,0.656
-0.306,0.672
-0.3058,0.672
-0.3056,0.664
-0.3054,0.672
-0.3052,0.68
-0.305,0.672
-0.3048,0.664
-0.3046,0.68
-0.3044,0.672
-0.3042,0.672
-0.304,0.68
-0.3038,0.68
-0.3036,0.664
-0.3034,0.672
-0.3032,0.68
-0.303,0.672
-0.3028,0.672
-0.3026,0.68
-0.3024,0.672
-0.3022,0.672
-0.302,0.672
-0.3018,0.672
-0.3016,0.664
-0.3014,0.68
-0.3012,0.672
-0.301,0.672
-0.3008,0.68
-0.3006,0.672
-0.3004,0.672
-0.3002,0.664
-0.3,0.68
-0.2998,0.672
-0.2996,0.664
-0.2994,0.68
-0.2992,0.672
-0.299,0.672
-0.2988,0.68
-0.2986,0.672
-0.2984,0.664
-0.2982,0.68
-0.298,0.68
-0.2978,0.672
-0.2976,0.68
-0.2974,0.672
-0.2972,0.672
-0.297,0.672
-0.2968,0.672
-0.2966,0.672
-0.2964,0.672
-0.2962,0.68
-0.296,0.672
-0.2958,0.672
-0.2956,0.68
-0.2954,0.68
-0.2952,0.664
-0.295,0.672
-0.2948,0.672
-0.2946,0.672
-0.2944,0.68
-0.2942,0.68
-0.294,0.68
-0.2938,0.68
-0.2936,0.68
-0.2934,0.672
-0.2932,0.664
-0.293,0.68
-0.2928,0.68
-0.2926,0.672
-0.2924,0.68
-0.2922,0.672
-0.292,0.664
-0.2918,0.672
-0.2916,0.68
-0.2914,0.672
-0.2912,0.68
-0.291,0.68
-0.2908,0.68
-0.2906,0.672
-0.2904,0.68
-0.2902,0.672
-0.29,0.672
-0.2898,0.672
-0.2896,0.68
-0.2894,0.672
-0.2892,0.672
-0.289,0.68
-0.2888,0.68
-0.2886,0.68
-0.2884,0.68
-0.2882,0.672
-0.288,0.672
-0.2878,0.68
-0.2876,0.672
-0.2874,0.672
-0.2872,0.688
-0.287,0.672
-0.2868,0.68
-0.2866,0.68
-0.2864,0.688
-0.2862,0.672
-0.286,0.672
-0.2858,0.688
-0.2856,0.68
-0.2854,0.672
-0.2852,0.68
-0.285,0.68
-0.2848,0.672
-0.2846,0.68
-0.2844,0.68
-0.2842,0.68
-0.284,0.68
-0.2838,0.68
-0.2836,0.68
-0.2834,0.68
-0.2832,0.688
-0.283,0.68
-0.2828,0.68
-0.2826,0.68
-0.2824,0.68
-0.2822,0.672
-0.282,0.68
-0.2818,0.68
-0.2816,0.672
-0.2814,0.688
-0.2812,0.688
-0.281,0.68
-0.2808,0.68
-0.2806,0.688
-0.2804,0.68
-0.2802,0.672
-0.28,0.688
-0.2798,0.68
-0.2796,0.68
-0.2794,0.688
-0.2792,0.68
-0.279,0.68
-0.2788,0.688
-0.2786,0.68
-0.2784,0.672
-0.2782,0.68
-0.278,0.688
-0.2778,0.672
-0.2776,0.68
-0.2774,0.68
-0.2772,0.68
-0.277,0.68
-0.2768,0.688
-0.2766,0.68
-0.2764,0.68
-0.2762,0.68
-0.276,0.68
-0.2758,0.672
-0.2756,0.68
-0.2754,0.68
-0.2752,0.68
-0.275,0.68
-0.2748,0.688
-0.2746,0.68
-0.2744,0.68
-0.2742,0.688
-0.274,0.68
-0.2738,0.68
-0.2736,0.688
-0.2734,0.688
-0.2732,0.68
-0.273,0.68
-0.2728,0.688
-0.2726,0.68
-0.2724,0.68
-0.2722,0.688
-0.272,0.688
-0.2718,0.68
-0.2716,0.688
-0.2714,0.68
-0.2712,0.68
-0.271,0.688
-0.2708,0.688
-0.2706,0.68
-0.2704,0.688
-0.2702,0.68
-0.27,0.68
-0.2698,0.688
-0.2696,0.688
-0.2694,0.68
-0.2692,0.688
-0.269,0.688
-0.2688,0.68
-0.2686,0.688
-0.2684,0.688
-0.2682,0.68
-0.268,0.68
-0.2678,0.688
-0.2676,0.688
-0.2674,0.688
-0.2672,0.688
-0.267,0.688
-0.2668,0.68
-0.2666,0.68
-0.2664,0.688
-0.2662,0.68
-0.266,0.688
-0.2658,0.688
-0.2656,0.688
-0.2654,0.68
-0.2652,0.688
-0.265,0.688
-0.2648,0.68
-0.2646,0.696
-0.2644,0.688
-0.2642,0.68
-0.264,0.688
-0.2638,0.688
-0.2636,0.68
-0.2634,0.688
-0.2632,0.696
-0.263,0.68
-0.2628,0.688
-0.2626,0.688
-0.2624,0.68
-0.2622,0.68
-0.262,0.696
-0.2618,0.688
-0.2616,0.688
-0.2614,0.688
-0.2612,0.688
-0.261,0.68
-0.2608,0.688
-0.2606,0.704
-0.2604,0.68
-0.2602,0.688
-0.26,0.688
-0.2598,0.688
-0.2596,0.68
-0.2594,0.696
-0.2592,0.688
-0.259,0.68
-0.2588,0.696
-0.2586,0.688
-0.2584,0.68
-0.2582,0.688
-0.258,0.696
-0.2578,0.688
-0.2576,0.688
-0.2574,0.688
-0.2572,0.688
-0.257,0.688
-0.2568,0.688
-0.2566,0.688
-0.2564,0.688
-0.2562,0.704
-0.256,0.688
-0.2558,0.688
-0.2556,0.688
-0.2554,0.696
-0.2552,0.688
-0.255,0.688
-0.2548,0.696
-0.2546,0.688
-0.2544,0.696
-0.2542,0.696
-0.254,0.696
-0.2538,0.688
-0.2536,0.696
-0.2534,0.688
-0.2532,0.688
-0.253,0.696
-0.2528,0.696
-0.2526,0.68
-0.2524,0.696
-0.2522,0.696
-0.252,0.688
-0.2518,0.688
-0.2516,0.696
-0.2514,0.688
-0.2512,0.696
-0.251,0.696
-0.2508,0.696
-0.2506,0.688
-0.2504,0.704
-0.2502,0.704
-0.25,0.688
-0.2498,0.696
-0.2496,0.696
-0.2494,0.688
-0.2492,0.704
-0.249,0.704
-0.2488,0.688
-0.2486,0.688
-0.2484,0.696
-0.2482,0.688
-0.248,0.688
-0.2478,0.696
-0.2476,0.696
-0.2474,0.688
-0.2472,0.696
-0.247,0.696
-0.2468,0.688
-0.2466,0.696
-0.2464,0.704
-0.2462,0.696
-0.246,0.696
-0.2458,0.696
-0.2456,0.696
-0.2454,0.688
-0.2452,0.696
-0.245,0.696
-0.2448,0.688
-0.2446,0.704
-0.2444,0.696
-0.2442,0.688
-0.244,0.704
-0.2438,0.704
-0.2436,0.696
-0.2434,0.696
-0.2432,0.704
-0.243,0.688
-0.2428,0.696
-0.2426,0.704
-0.2424,0.696
-0.2422,0.688
-0.242,0.704
-0.2418,0.696
-0.2416,0.696
-0.2414,0.704
-0.2412,0.704
-0.241,0.688
-0.2408,0.704
-0.2406,0.704
-0.2404,0.696
-0.2402,0.696
-0.24,0.704
-0.2398,0.696
-0.2396,0.696
-0.2394,0.704
-0.2392,0.696
-0.239,0.696
-0.2388,0.704
-0.2386,0.696
-0.2384,0.696
-0.2382,0.696
-0.238,0.704
-0.2378,0.696
-0.2376,0.696
-0.2374,0.712
-0.2372,0.704
-0.237,0.696
-0.2368,0.704
-0.2366,0.696
-0.2364,0.696
-0.2362,0.704
-0.236,0.704
-0.2358,0.696
-0.2356,0.704
-0.2354,0.704
-0.2352,0.696
-0.235,0.704
-0.2348,0.704
-0.2346,0.696
-0.2344,0.704
-0.2342,0.704
-0.234,0.704
-0.2338,0.704
-0.2336,0.712
-0.2334,0.704
-0.2332,0.696
-0.233,0.712
-0.2328,0.704
-0.2326,0.696
-0.2324,0.712
-0.2322,0.704
-0.232,0.696
-0.2318,0.704
-0.2316,0.704
-0.2314,0.696
-0.2312,0.704
-0.231,0.704
-0.2308,0.696
-0.2306,0.696
-0.2304,0.712
-0.2302,0.696
-0.23,0.696
-0.2298,0.712
-0.2296,0.704
-0.2294,0.696
-0.2292,0.712
-0.229,0.712
-0.2288,0.696
-0.2286,0.712
-0.2284,0.712
-0.2282,0.696
-0.228,0.696
-0.2278,0.712
-0.2276,0.704
-0.2274,0.696
-0.2272,0.712
-0.227,0.704
-0.2268,0.696
-0.2266,0.704
-0.2264,0.704
-0.2262,0.696
-0.226,0.704
-0.2258,0.704
-0.2256,0.696
-0.2254,0.704
-0.2252,0.712
-0.225,0.704
-0.2248,0.696
-0.2246,0.704
-0.2244,0.704
-0.2242,0.704
-0.224,0.712
-0.2238,0.704
-0.2236,0.696
-0.2234,0.712
-0.2232,0.704
-0.223,0.696
-0.2228,0.704
-0.2226,0.712
-0.2224,0.704
-0.2222,0.704
-0.222,0.712
-0.2218,0.704
-0.2216,0.704
-0.2214,0.712
-0.2212,0.712
-0.221,0.704
-0.2208,0.712
-0.2206,0.712
-0.2204,0.704
-0.2202,0.712
-0.22,0.704
-0.2198,0.696
-0.2196,0.704
-0.2194,0.712
-0.2192,0.704
-0.219,0.704
-0.2188,0.712
-0.2186,0.704
-0.2184,0.704
-0.2182,0.72
-0.218,0.712
-0.2178,0.704
-0.2176,0.712
-0.2174,0.712
-0.2172,0.704
-0.217,0.72
-0.2168,0.712
-0.2166,0.704
-0.2164,0.704
-0.2162,0.72
-0.216,0.704
-0.2158,0.704
-0.2156,0.712
-0.2154,0.712
-0.2152,0.704
-0.215,0.712
-0.2148,0.72
-0.2146,0.712
-0.2144,0.72
-0.2142,0.712
-0.214,0.704
-0.2138,0.712
-0.2136,0.712
-0.2134,0.704
-0.2132,0.712
-0.213,0.712
-0.2128,0.712
-0.2126,0.712
-0.2124,0.712
-0.2122,0.712
-0.212,0.704
-0.2118,0.712
-0.2116,0.712
-0.2114,0.712
-0.2112,0.72
-0.211,0.712
-0.2108,0.712
-0.2106,0.712
-0.2104,0.72
-0.2102,0.704
-0.21,0.712
-0.2098,0.72
-0.2096,0.712
-0.2094,0.704
-0.2092,0.72
-0.209,0.712
-0.2088,0.712
-0.2086,0.72
-0.2084,0.72
-0.2082,0.704
-0.208,0.712
-0.2078,0.72
-0.2076,0.712
-0.2074,0.72
-0.2072,0.712
-0.207,0.712
-0.2068,0.712
-0.2066,0.72
-0.2064,0.712
-0.2062,0.712
-0.206,0.72
-0.2058,0.712
-0.2056,0.712
-0.2054,0.712
-0.2052,0.712
-0.205,0.712
-0.2048,0.72
-0.2046,0.72
-0.2044,0.712
-0.2042,0.72
-0.204,0.72
-0.2038,0.712
-0.2036,0.712
-0.2034,0.72
-0.2032,0.712
-0.203,0.712
-0.2028,0.72
-0.2026,0.712
-0.2024,0.712
-0.2022,0.728
-0.202,0.72
-0.2018,0.712
-0.2016,0.72
-0.2014,0.72
-0.2012,0.712
-0.201,0.72
-0.2008,0.72
-0.2006,0.712
-0.2004,0.72
-0.2002,0.72
-0.2,0.72
-0.1998,0.72
-0.1996,0.728
-0.1994,0.712
-0.1992,0.72
-0.199,0.72
-0.1988,0.72
-0.1986,0.712
-0.1984,0.728
-0.1982,0.72
-0.198,0.712
-0.1978,0.72
-0.1976,0.72
-0.1974,0.72
-0.1972,0.72
-0.197,0.728
-0.1968,0.712
-0.1966,0.72
-0.1964,0.72
-0.1962,0.712
-0.196,0.712
-0.1958,0.72
-0.1956,0.72
-0.1954,0.712
-0.1952,0.72
-0.195,0.72
-0.1948,0.72
-0.1946,0.72
-0.1944,0.728
-0.1942,0.72
-0.194,0.72
-0.1938,0.728
-0.1936,0.72
-0.1934,0.72
-0.1932,0.728
-0.193,0.712
-0.1928,0.712
-0.1926,0.72
-0.1924,0.72
-0.1922,0.712
-0.192,0.728
-0.1918,0.72
-0.1916,0.712
-0.1914,0.728
-0.1912,0.728
-0.191,0.712
-0.1908,0.728
-0.1906,0.728
-0.1904,0.72
-0.1902,0.72
-0.19,0.728
-0.1898,0.712
-0.1896,0.72
-0.1894,0.728
-0.1892,0.72
-0.189,0.72
-0.1888,0.728
-0.1886,0.728
-0.1884,0.712
-0.1882,0.728
-0.188,0.728
-0.1878,0.72
-0.1876,0.728
-0.1874,0.728
-0.1872,0.72
-0.187,0.72
-0.1868,0.736
-0.1866,0.728
-0.1864,0.72
-0.1862,0.728
-0.186,0.72
-0.1858,0.72
-0.1856,0.72
-0.1854,0.728
-0.1852,0.712
-0.185,0.728
-0.1848,0.728
-0.1846,0.712
-0.1844,0.728
-0.1842,0.728
-0.184,0.72
-0.1838,0.728
-0.1836,0.736
-0.1834,0.72
-0.1832,0.72
-0.183,0.728
-0.1828,0.728
-0.1826,0.72
-0.1824,0.728
-0.1822,0.72
-0.182,0.72
-0.1818,0.736
-0.1816,0.728
-0.1814,0.728
-0.1812,0.728
-0.181,0.736
-0.1808,0.72
-0.1806,0.728
-0.1804,0.736
-0.1802,0.728
-0.18,0.72
-0.1798,0.728
-0.1796,0.728
-0.1794,0.72
-0.1792,0.728
-0.179,0.728
-0.1788,0.72
-0.1786,0.728
-0.1784,0.736
-0.1782,0.72
-0.178,0.728
-0.1778,0.728
-0.1776,0.72
-0.1774,0.728
-0.1772,0.736
-0.177,0.728
-0.1768,0.72
-0.1766,0.736
-0.1764,0.728
-0.1762,0.728
-0.176,0.736
-0.1758,0.728
-0.1756,0.72
-0.1754,0.736
-0.1752,0.728
-0.175,0.728
-0.1748,0.736
-0.1746,0.728
-0.1744,0.728
-0.1742,0.728
-0.174,0.736
-0.1738,0.728
-0.1736,0.728
-0.1734,0.736
-0.1732,0.728
-0.173,0.728
-0.1728,0.728
-0.1726,0.728
-0.1724,0.728
-0.1722,0.736
-0.172,0.736
-0.1718,0.728
-0.1716,0.736
-0.1714,0.736
-0.1712,0.728
-0.171,0.736
-0.1708,0.736
-0.1706,0.728
-0.1704,0.728
-0.1702,0.744
-0.17,0.736
-0.1698,0.736
-0.1696,0.736
-0.1694,0.728
-0.1692,0.728
-0.169,0.736
-0.1688,0.728
-0.1686,0.72
-0.1684,0.736
-0.1682,0.736
-0.168,0.728
-0.1678,0.736
-0.1676,0.736
-0.1674,0.728
-0.1672,0.736
-0.167,0.744
-0.1668,0.728
-0.1666,0.728
-0.1664,0.736
-0.1662,0.728
-0.166,0.728
-0.1658,0.736
-0.1656,0.728
-0.1654,0.728
-0.1652,0.744
-0.165,0.736
-0.1648,0.736
-0.1646,0.736
-0.1644,0.736
-0.1642,0.728
-0.164,0.736
-0.1638,0.744
-0.1636,0.736
-0.1634,0.736
-0.1632,0.744
-0.163,0.728
-0.1628,0.736
-0.1626,0.736
-0.1624,0.728
-0.1622,0.728
-0.162,0.744
-0.1618,0.736
-0.1616,0.728
-0.1614,0.744
-0.1612,0.728
-0.161,0.728
-0.1608,0.736
-0.1606,0.744
-0.1604,0.736
-0.1602,0.728
-0.16,0.736
-0.1598,0.728
-0.1596,0.736
-0.1594,0.736
-0.1592,0.728
-0.159,0.736
-0.1588,0.744
-0.1586,0.736
-0.1584,0.736
-0.1582,0.736
-0.158,0.736
-0.1578,0.728
-0.1576,0.744
-0.1574,0.744
-0.1572,0.728
-0.157,0.736
-0.1568,0.736
-0.1566,0.736
-0.1564,0.736
-0.1562,0.744
-0.156,0.736
-0.1558,0.736
-0.1556,0.744
-0.1554,0.736
-0.1552,0.728
-0.155,0.744
-0.1548,0.736
-0.1546,0.736
-0.1544,0.744
-0.1542,0.744
-0.154,0.736
-0.1538,0.736
-0.1536,0.744
-0.1534,0.728
-0.1532,0.744
-0.153,0.744
-0.1528,0.736
-0.1526,0.736
-0.1524,0.744
-0.1522,0.736
-0.152,0.736
-0.1518,0.752
-0.1516,0.736
-0.1514,0.736
-0.1512,0.744
-0.151,0.736
-0.1508,0.728
-0.1506,0.744
-0.1504,0.744
-0.1502,0.736
-0.15,0.744
-0.1498,0.752
-0.1496,0.736
-0.1494,0.744
-0.1492,0.752
-0.149,0.744
-0.1488,0.736
-0.1486,0.744
-0.1484,0.736
-0.1482,0.744
-0.148,0.752
-0.1478,0.744
-0.1476,0.736
-0.1474,0.744
-0.1472,0.744
-0.147,0.728
-0.1468,0.744
-0.1466,0.744
-0.1464,0.736
-0.1462,0.744
-0.146,0.752
-0.1458,0.736
-0.1456,0.736
-0.1454,0.744
-0.1452,0.736
-0.145,0.744
-0.1448,0.752
-0.1446,0.744
-0.1444,0.736
-0.1442,0.752
-0.144,0.744
-0.1438,0.736
-0.1436,0.744
-0.1434,0.744
-0.1432,0.744
-0.143,0.744
-0.1428,0.744
-0.1426,0.744
-0.1424,0.744
-0.1422,0.752
-0.142,0.736
-0.1418,0.744
-0.1416,0.752
-0.1414,0.736
-0.1412,0.744
-0.141,0.752
-0.1408,0.744
-0.1406,0.744
-0.1404,0.752
-0.1402,0.744
-0.14,0.736
-0.1398,0.752
-0.1396,0.752
-0.1394,0.736
-0.1392,0.744
-0.139,0.752
-0.1388,0.744
-0.1386,0.744
-0.1384,0.744
-0.1382,0.744
-0.138,0.744
-0.1378,0.752
-0.1376,0.752
-0.1374,0.736
-0.1372,0.752
-0.137,0.744
-0.1368,0.744
-0.1366,0.752
-0.1364,0.744
-0.1362,0.744
-0.136,0.752
-0.1358,0.752
-0.1356,0.744
-0.1354,0.752
-0.1352,0.752
-0.135,0.744
-0.1348,0.744
-0.1346,0.76
-0.1344,0.744
-0.1342,0.744
-0.134,0.752
-0.1338,0.744
-0.1336,0.736
-0.1334,0.752
-0.1332,0.744
-0.133,0.744
-0.1328,0.76
-0.1326,0.752
-0.1324,0.744
-0.1322,0.752
-0.132,0.76
-0.1318,0.744
-0.1316,0.752
-0.1314,0.76
-0.1312,0.744
-0.131,0.744
-0.1308,0.752
-0.1306,0.752
-0.1304,0.744
-0.1302,0.752
-0.13,0.744
-0.1298,0.744
-0.1296,0.752
-0.1294,0.752
-0.1292,0.744
-0.129,0.752
-0.1288,0.752
-0.1286,0.744
-0.1284,0.752
-0.1282,0.752
-0.128,0.736
-0.1278,0.744
-0.1276,0.76
-0.1274,0.744
-0.1272,0.744
-0.127,0.752
-0.1268,0.744
-0.1266,0.752
-0.1264,0.76
-0.1262,0.752
-0.126,0.744
-0.1258,0.76
-0.1256,0.752
-0.1254,0.744
-0.1252,0.752
-0.125,0.752
-0.1248,0.744
-0.1246,0.752
-0.1244,0.752
-0.1242,0.744
-0.124,0.752
-0.1238,0.752
-0.1236,0.744
-0.1234,0.76
-0.1232,0.752
-0.123,0.744
-0.1228,0.752
-0.1226,0.76
-0.1224,0.76
-0.1222,0.744
-0.122,0.76
-0.1218,0.752
-0.1216,0.752
-0.1214,0.76
-0.1212,0.752
-0.121,0.752
-0.1208,0.76
-0.1206,0.76
-0.1204,0.752
-0.1202,0.752
-0.12,0.76
-0.1198,0.752
-0.1196,0.744
-0.1194,0.76
-0.1192,0.752
-0.119,0.744
-0.1188,0.76
-0.1186,0.76
-0.1184,0.744
-0.1182,0.768
-0.118,0.76
-0.1178,0.752
-0.1176,0.752
-0.1174,0.76
-0.1172,0.752
-0.117,0.76
-0.1168,0.76
-0.1166,0.76
-0.1164,0.76
-0.1162,0.76
-0.116,0.752
-0.1158,0.752
-0.1156,0.76
-0.1154,0.752
-0.1152,0.752
-0.115,0.76
-0.1148,0.76
-0.1146,0.752
-0.1144,0.76
-0.1142,0.76
-0.114,0.752
-0.1138,0.76
-0.1136,0.76
-0.1134,0.752
-0.1132,0.752
-0.113,0.768
-0.1128,0.752
-0.1126,0.76
-0.1124,0.76
-0.1122,0.76
-0.112,0.752
-0.1118,0.76
-0.1116,0.76
-0.1114,0.76
-0.1112,0.76
-0.111,0.752
-0.1108,0.752
-0.1106,0.76
-0.1104,0.76
-0.1102,0.752
-0.11,0.76
-0.1098,0.768
-0.1096,0.752
-0.1094,0.76
-0.1092,0.76
-0.109,0.752
-0.1088,0.76
-0.1086,0.76
-0.1084,0.752
-0.1082,0.76
-0.108,0.768
-0.1078,0.76
-0.1076,0.76
-0.1074,0.76
-0.1072,0.768
-0.107,0.752
-0.1068,0.76
-0.1066,0.76
-0.1064,0.752
-0.1062,0.76
-0.106,0.768
-0.1058,0.752
-0.1056,0.76
-0.1054,0.768
-0.1052,0.76
-0.105,0.76
-0.1048,0.768
-0.1046,0.76
-0.1044,0.76
-0.1042,0.76
-0.104,0.76
-0.1038,0.76
-0.1036,0.768
-0.1034,0.768
-0.1032,0.76
-0.103,0.76
-0.1028,0.768
-0.1026,0.76
-0.1024,0.76
-0.1022,0.768
-0.102,0.76
-0.1018,0.76
-0.1016,0.768
-0.1014,0.76
-0.1012,0.76
-0.101,0.768
-0.1008,0.76
-0.1006,0.76
-0.1004,0.768
-0.1002,0.76
-0.1,0.752
-0.0998,0.768
-0.0996,0.76
-0.0994,0.76
-0.0992,0.768
-0.099,0.768
-0.0988,0.76
-0.0986,0.76
-0.0984,0.768
-0.0982,0.76
-0.098,0.76
-0.0978,0.768
-0.0976,0.76
-0.0974,0.76
-0.0972,0.768
-0.097,0.768
-0.0968,0.768
-0.0966,0.768
-0.0964,0.76
-0.0962,0.76
-0.096,0.768
-0.0958,0.768
-0.0956,0.752
-0.0954,0.768
-0.0952,0.768
-0.095,0.76
-0.0948,0.768
-0.0946,0.776
-0.0944,0.76
-0.0942,0.768
-0.094,0.776
-0.0938,0.768
-0.0936,0.752
-0.0934,0.776
-0.0932,0.768
-0.093,0.76
-0.0928,0.776
-0.0926,0.76
-0.0924,0.76
-0.0922,0.776
-0.092,0.768
-0.0918,0.752
-0.0916,0.776
-0.0914,0.776
-0.0912,0.76
-0.091,0.768
-0.0908,0.768
-0.0906,0.76
-0.0904,0.76
-0.0902,0.768
-0.09,0.768
-0.0898,0.76
-0.0896,0.776
-0.0894,0.768
-0.0892,0.76
-0.089,0.776
-0.0888,0.768
-0.0886,0.76
-0.0884,0.768
-0.0882,0.768
-0.088,0.76
-0.0878,0.768
-0.0876,0.768
-0.0874,0.768
-0.0872,0.776
-0.087,0.776
-0.0868,0.768
-0.0866,0.768
-0.0864,0.776
-0.0862,0.768
-0.086,0.768
-0.0858,0.768
-0.0856,0.768
-0.0854,0.768
-0.0852,0.776
-0.085,0.768
-0.0848,0.768
-0.0846,0.776
-0.0844,0.768
-0.0842,0.768
-0.084,0.768
-0.0838,0.768
-0.0836,0.76
-0.0834,0.768
-0.0832,0.768
-0.083,0.76
-0.0828,0.768
-0.0826,0.776
-0.0824,0.768
-0.0822,0.776
-0.082,0.784
-0.0818,0.768
-0.0816,0.768
-0.0814,0.776
-0.0812,0.768
-0.081,0.76
-0.0808,0.776
-0.0806,0.768
-0.0804,0.768
-0.0802,0.776
-0.08,0.768
-0.0798,0.76
-0.0796,0.776
-0.0794,0.776
-0.0792,0.768
-0.079,0.776
-0.0788,0.776
-0.0786,0.768
-0.0784,0.768
-0.0782,0.776
-0.078,0.768
-0.0778,0.776
-0.0776,0.784
-0.0774,0.776
-0.0772,0.768
-0.077,0.784
-0.0768,0.768
-0.0766,0.768
-0.0764,0.776
-0.0762,0.768
-0.076,0.768
-0.0758,0.784
-0.0756,0.768
-0.0754,0.776
-0.0752,0.776
-0.075,0.776
-0.0748,0.768
-0.0746,0.768
-0.0744,0.784
-0.0742,0.768
-0.074,0.768
-0.0738,0.784
-0.0736,0.768
-0.0734,0.776
-0.0732,0.784
-0.073,0.768
-0.0728,0.768
-0.0726,0.776
-0.0724,0.776
-0.0722,0.768
-0.072,0.776
-0.0718,0.776
-0.0716,0.768
-0.0714,0.784
-0.0712,0.776
-0.071,0.768
-0.0708,0.776
-0.0706,0.776
-0.0704,0.776
-0.0702,0.784
-0.07,0.784
-0.0698,0.776
-0.0696,0.776
-0.0694,0.784
-0.0692,0.776
-0.069,0.768
-0.0688,0.784
-0.0686,0.776
-0.0684,0.776
-0.0682,0.776
-0.068,0.776
-0.0678,0.768
-0.0676,0.784
-0.0674,0.776
-0.0672,0.768
-0.067,0.776
-0.0668,0.776
-0.0666,0.776
-0.0664,0.784
-0.0662,0.784
-0.066,0.776
-0.0658,0.784
-0.0656,0.784
-0.0654,0.776
-0.0652,0.776
-0.065,0.792
-0.0648,0.776
-0.0646,0.768
-0.0644,0.784
-0.0642,0.776
-0.064,0.776
-0.0638,0.784
-0.0636,0.776
-0.0634,0.776
-0.0632,0.784
-0.063,0.784
-0.0628,0.768
-0.0626,0.792
-0.0624,0.784
-0.0622,0.776
-0.062,0.784
-0.0618,0.784
-0.0616,0.776
-0.0614,0.784
-0.0612,0.784
-0.061,0.776
-0.0608,0.784
-0.0606,0.792
-0.0604,0.784
-0.0602,0.776
-0.06,0.792
-0.0598,0.784
-0.0596,0.776
-0.0594,0.792
-0.0592,0.784
-0.059,0.776
-0.0588,0.792
-0.0586,0.784
-0.0584,0.768
-0.0582,0.792
-0.058,0.784
-0.0578,0.776
-0.0576,0.792
-0.0574,0.784
-0.0572,0.776
-0.057,0.784
-0.0568,0.784
-0.0566,0.784
-0.0564,0.784
-0.0562,0.784
-0.056,0.776
-0.0558,0.784
-0.0556,0.792
-0.0554,0.776
-0.0552,0.776
-0.055,0.792
-0.0548,0.784
-0.0546,0.776
-0.0544,0.784
-0.0542,0.784
-0.054,0.776
-0.0538,0.784
-0.0536,0.784
-0.0534,0.776
-0.0532,0.792
-0.053,0.792
-0.0528,0.776
-0.0526,0.792
-0.0524,0.792
-0.0522,0.776
-0.052,0.784
-0.0518,0.792
-0.0516,0.784
-0.0514,0.776
-0.0512,0.784
-0.051,0.784
-0.0508,0.784
-0.0506,0.784
-0.0504,0.784
-0.0502,0.784
-0.05,0.792
-0.0498,0.792
-0.0496,0.784
-0.0494,0.792
-0.0492,0.784
-0.049,0.784
-0.0488,0.792
-0.0486,0.792
-0.0484,0.776
-0.0482,0.792
-0.048,0.792
-0.0478,0.784
-0.0476,0.792
-0.0474,0.792
-0.0472,0.784
-0.047,0.784
-0.0468,0.792
-0.0466,0.784
-0.0464,0.784
-0.0462,0.8
-0.046,0.784
-0.0458,0.784
-0.0456,0.792
-0.0454,0.784
-0.0452,0.784
-0.045,0.8
-0.0448,0.784
-0.0446,0.784
-0.0444,0.792
-0.0442,0.792
-0.044,0.784
-0.0438,0.792
-0.0436,0.792
-0.0434,0.776
-0.0432,0.792
-0.043,0.8
-0.0428,0.784
-0.0426,0.784
-0.0424,0.8
-0.0422,0.776
-0.042,0.784
-0.0418,0.792
-0.0416,0.784
-0.0414,0.784
-0.0412,0.792
-0.041,0.784
-0.0408,0.784
-0.0406,0.792
-0.0404,0.792
-0.0402,0.784
-0.04,0.792
-0.0398,0.792
-0.0396,0.784
-0.0394,0.792
-0.0392,0.792
-0.039,0.792
-0.0388,0.8
-0.0386,0.792
-0.0384,0.784
-0.0382,0.792
-0.038,0.8
-0.0378,0.792
-0.0376,0.792
-0.0374,0.8
-0.0372,0.792
-0.037,0.792
-0.0368,0.8
-0.0366,0.792
-0.0364,0.792
-0.0362,0.8
-0.036,0.792
-0.0358,0.784
-0.0356,0.8
-0.0354,0.8
-0.0352,0.792
-0.035,0.8
-0.0348,0.792
-0.0346,0.792
-0.0344,0.792
-0.0342,0.792
-0.034,0.784
-0.0338,0.8
-0.0336,0.8
-0.0334,0.792
-0.0332,0.792
-0.033,0.8
-0.0328,0.792
-0.0326,0.792
-0.0324,0.8
-0.0322,0.792
-0.032,0.792
-0.0318,0.808
-0.0316,0.792
-0.0314,0.792
-0.0312,0.8
-0.031,0.792
-0.0308,0.792
-0.0306,0.8
-0.0304,0.8
-0.0302,0.784
-0.03,0.808
-0.0298,0.792
-0.0296,0.784
-0.0294,0.792
-0.0292,0.8
-0.029,0.784
-0.0288,0.792
-0.0286,0.8
-0.0284,0.792
-0.0282,0.792
-0.028,0.808
-0.0278,0.792
-0.0276,0.792
-0.0274,0.8
-0.0272,0.792
-0.027,0.792
-0.0268,0.8
-0.0266,0.792
-0.0264,0.792
-0.0262,0.8
-0.026,0.792
-0.0258,0.784
-0.0256,0.808
-0.0254,0.792
-0.0252,0.8
-0.025,0.8
-0.0248,0.8
-0.0246,0.792
-0.0244,0.808
-0.0242,0.808
-0.024,0.792
-0.0238,0.8
-0.0236,0.8
-0.0234,0.792
-0.0232,0.792
-0.023,0.8
-0.0228,0.8
-0.0226,0.8
-0.0224,0.808
-0.0222,0.8
-0.022,0.8
-0.0218,0.8
-0.0216,0.8
-0.0214,0.792
-0.0212,0.8
-0.021,0.8
-0.0208,0.792
-0.0206,0.808
-0.0204,0.808
-0.0202,0.792
-0.02,0.808
-0.0198,0.8
-0.0196,0.792
-0.0194,0.808
-0.0192,0.808
-0.019,0.792
-0.0188,0.8
-0.0186,0.808
-0.0184,0.792
-0.0182,0.8
-0.018,0.808
-0.0178,0.8
-0.0176,0.8
-0.0174,0.808
-0.0172,0.8
-0.017,0.8
-0.0168,0.808
-0.0166,0.8
-0.0164,0.8
-0.0162,0.808
-0.016,0.8
-0.0158,0.8
-0.0156,0.808
-0.0154,0.808
-0.0152,0.792
-0.015,0.808
-0.0148,0.808
-0.0146,0.8
-0.0144,0.8
-0.0142,0.808
-0.014,0.8
-0.0138,0.8
-0.0136,0.816
-0.0134,0.8
-0.0132,0.8
-0.013,0.808
-0.0128,0.8
-0.0126,0.8
-0.0124,0.808
-0.0122,0.8
-0.012,0.8
-0.0118,0.808
-0.0116,0.808
-0.0114,0.8
-0.0112,0.808
-0.011,0.808
-0.0108,0.8
-0.0106,0.816
-0.0104,0.8
-0.0102,0.792
-0.01,0.808
-0.0098,0.808
-0.0096,0.8
-0.0094,0.808
-0.0092,0.808
-0.009,0.8
-0.0088,0.808
-0.0086,0.816
-0.0084,0.808
-0.0082,0.8
-0.008,0.816
-0.0078,0.808
-0.0076,0.808
-0.0074,0.808
-0.0072,0.808
-0.007,0.808
-0.0068,0.808
-0.0066,0.808
-0.0064,0.8
-0.0062,0.808
-0.006,0.808
-0.0058,0.808
-0.0056,0.808
-0.0054,0.808
-0.0052,0.8
-0.005,0.816
-0.0048,0.808
-0.0046,0.808
-0.0044,0.816
-0.0042,0.816
-0.004,0.8
-0.0038,0.808
-0.0036,0.816
-0.0034,0.8
-0.0032,0.808
-0.003,0.816
-0.0028,0.808
-0.0026,0.808
-0.0024,0.824
-0.0022,0.808
-0.002,0.8
-0.0018,0.816
-0.0016,0.808
-0.0014,0.8
-0.0012,0.816
-0.001,0.808
-0.0008,0.8
-0.0006,0.816
-0.0004,0.808
-0.0002,0.8
0,0.816
0.0002,0.808
0.0004,0.8
0.0006,0.816
0.0008,0.816
0.001,0.808
0.0012,0.808
0.0014,0.816
0.0016,0.808
0.0018,0.808
0.002,0.816
0.0022,0.808
0.0024,0.816
0.0026,0.816
0.0028,0.808
0.003,0.808
0.0032,0.816
0.0034,0.808
0.0036,0.808
0.0038,0.824
0.004,0.808
0.0042,0.808
0.0044,0.824
0.0046,0.816
0.0048,0.808
0.005,0.824
0.0052,0.816
0.0054,0.808
0.0056,0.824
0.0058,0.824
0.006,0.8
0.0062,0.808
0.0064,0.816
0.0066,0.8
0.0068,0.816
0.007,0.816
0.0072,0.808
0.0074,0.816
0.0076,0.816
0.0078,0.808
0.008,0.808
0.0082,0.816
0.0084,0.816
0.0086,0.808
0.0088,0.816
0.009,0.816
0.0092,0.808
0.0094,0.824
0.0096,0.816
0.0098,0.808
0.01,0.824
0.0102,0.816
0.0104,0.808
0.0106,0.824
0.0108,0.816
0.011,0.808
0.0112,0.816
0.0114,0.824
0.0116,0.808
0.0118,0.816
0.012,0.816
0.0122,0.808
0.0124,0.816
0.0126,0.816
0.0128,0.808
0.013,0.816
0.0132,0.824
0.0134,0.816
0.0136,0.816
0.0138,0.824
0.014,0.816
0.0142,0.816
0.0144,0.824
0.0146,0.816
0.0148,0.816
0.015,0.824
0.0152,0.816
0.0154,0.808
0.0156,0.824
0.0158,0.816
0.016,0.816
0.0162,0.816
0.0164,0.816
0.0166,0.816
0.0168,0.824
0.017,0.824
0.0172,0.808
0.0174,0.816
0.0176,0.824
0.0178,0.808
0.018,0.816
0.0182,0.824
0.0184,0.816
0.0186,0.816
0.0188,0.824
0.019,0.816
0.0192,0.816
0.0194,0.824
0.0196,0.816
0.0198,0.808
0.02,0.824
0.0202,0.824
0.0204,0.808
0.0206,0.816
0.0208,0.824
0.021,0.808
0.0212,0.824
0.0214,0.824
0.0216,0.816
0.0218,0.832
0.022,0.824
0.0222,0.816
0.0224,0.824
0.0226,0.832
0.0228,0.816
0.023,0.824
0.0232,0.832
0.0234,0.824
0.0236,0.816
0.0238,0.824
0.024,0.816
0.0242,0.816
0.0244,0.832
0.0246,0.824
0.0248,0.816
0.025,0.824
0.0252,0.824
0.0254,0.816
0.0256,0.832
0.0258,0.824
0.026,0.824
0.0262,0.832
0.0264,0.824
0.0266,0.816
0.0268,0.832
0.027,0.832
0.0272,0.816
0.0274,0.824
0.0276,0.832
0.0278,0.816
0.028,0.824
0.0282,0.832
0.0284,0.824
0.0286,0.824
0.0288,0.832
0.029,0.824
0.0292,0.816
0.0294,0.832
0.0296,0.824
0.0298,0.816
0.03,0.824
0.0302,0.824
0.0304,0.824
0.0306,0.824
0.0308,0.824
0.031,0.816
0.0312,0.84
0.0314,0.832
0.0316,0.816
0.0318,0.832
0.032,0.832
0.0322,0.816
0.0324,0.832
0.0326,0.824
0.0328,0.816
0.033,0.832
0.0332,0.832
0.0334,0.808
0.0336,0.824
0.0338,0.832
0.034,0.824
0.0342,0.824
0.0344,0.832
0.0346,0.824
0.0348,0.816
0.035,0.832
0.0352,0.824
0.0354,0.824
0.0356,0.832
0.0358,0.824
0.036,0.824
0.0362,0.84
0.0364,0.824
0.0366,0.824
0.0368,0.832
0.037,0.832
0.0372,0.816
0.0374,0.832
0.0376,0.832
0.0378,0.824
0.038,0.824
0.0382,0.832
0.0384,0.816
0.0386,0.832
0.0388,0.832
0.039,0.824
0.0392,0.832
0.0394,0.832
0.0396,0.824
0.0398,0.832
0.04,0.832
0.0402,0.824
0.0404,0.832
0.0406,0.84
0.0408,0.824
0.041,0.824
0.0412,0.832
0.0414,0.824
0.0416,0.824
0.0418,0.832
0.042,0.824
0.0422,0.824
0.0424,0.84
0.0426,0.824
0.0428,0.824
0.043,0.832
0.0432,0.824
0.0434,0.824
0.0436,0.84
0.0438,0.832
0.044,0.832
0.0442,0.84
0.0444,0.832
0.0446,0.824
0.0448,0.84
0.045,0.832
0.0452,0.824
0.0454,0.832
0.0456,0.832
0.0458,0.832
0.046,0.832
0.0462,0.84
0.0464,0.824
0.0466,0.832
0.0468,0.84
0.047,0.832
0.0472,0.84
0.0474,0.84
0.0476,0.832
0.0478,0.824
0.048,0.84
0.0482,0.832
0.0484,0.832
0.0486,0.84
0.0488,0.832
0.049,0.832
0.0492,0.832
0.0494,0.832
0.0496,0.824
0.0498,0.84
0.05,0.84
0.0502,0.824
0.0504,0.84
0.0506,0.832
0.0508,0.832
0.051,0.84
0.0512,0.84
0.0514,0.832
0.0516,0.84
0.0518,0.84
0.052,0.832
0.0522,0.832
0.0524,0.84
0.0526,0.824
0.0528,0.832
0.053,0.84
0.0532,0.84
0.0534,0.832
0.0536,0.84
0.0538,0.832
0.054,0.832
0.0542,0.84
0.0544,0.824
0.0546,0.832
0.0548,0.84
0.055,0.824
0.0552,0.824
0.0554,0.832
0.0556,0.832
0.0558,0.832
0.056,0.84
0.0562,0.84
0.0564,0.832
0.0566,0.84
0.0568,0.84
0.057,0.824
0.0572,0.84
0.0574,0.84
0.0576,0.824
0.0578,0.84
0.058,0.84
0.0582,0.832
0.0584,0.832
0.0586,0.84
0.0588,0.816
0.059,0.84
0.0592,0.84
0.0594,0.832
0.0596,0.84
0.0598,0.84
0.06,0.832
0.0602,0.84
0.0604,0.848
0.0606,0.832
0.0608,0.832
0.061,0.84
0.0612,0.84
0.0614,0.824
0.0616,0.84
0.0618,0.84
0.062,0.832
0.0622,0.848
0.0624,0.84
0.0626,0.84
0.0628,0.84
0.063,0.84
0.0632,0.832
0.0634,0.84
0.0636,0.84
0.0638,0.84
0.064,0.848
0.0642,0.84
0.0644,0.832
0.0646,0.848
0.0648,0.848
0.065,0.832
0.0652,0.848
0.0654,0.848
0.0656,0.84
0.0658,0.848
0.066,0.848
0.0662,0.84
0.0664,0.84
0.0666,0.848
0.0668,0.84
0.067,0.84
0.0672,0.848
0.0674,0.84
0.0676,0.832
0.0678,0.848
0.068,0.84
0.0682,0.84
0.0684,0.848
0.0686,0.84
0.0688,0.84
0.069,0.848
0.0692,0.848
0.0694,0.84
0.0696,0.84
0.0698,0.84
0.07,0.84
0.0702,0.848
0.0704,0.84
0.0706,0.832
0.0708,0.84
0.071,0.84
0.0712,0.832
0.0714,0.84
0.0716,0.84
0.0718,0.832
0.072,0.848
0.0722,0.848
0.0724,0.832
0.0726,0.84
0.0728,0.848
0.073,0.84
0.0732,0.84
0.0734,0.848
0.0736,0.84
0.0738,0.84
0.074,0.848
0.0742,0.84
0.0744,0.84
0.0746,0.856
0.0748,0.84
0.075,0.84
0.0752,0.848
0.0754,0.84
0.0756,0.84
0.0758,0.848
0.076,0.84
0.0762,0.84
0.0764,0.848
0.0766,0.848
0.0768,0.84
0.077,0.84
0.0772,0.84
0.0774,0.84
0.0776,0.84
0.0778,0.84
0.078,0.84
0.0782,0.848
0.0784,0.848
0.0786,0.84
0.0788,0.848
0.079,0.856
0.0792,0.84
0.0794,0.84
0.0796,0.856
0.0798,0.84
0.08,0.84
0.0802,0.856
0.0804,0.84
0.0806,0.84
0.0808,0.856
0.081,0.84
0.0812,0.84
0.0814,0.856
0.0816,0.848
0.0818,0.84
0.082,0.856
0.0822,0.848
0.0824,0.84
0.0826,0.848
0.0828,0.848
0.083,0.848
0.0832,0.848
0.0834,0.856
0.0836,0.84
0.0838,0.856
0.084,0.848
0.0842,0.84
0.0844,0.848
0.0846,0.84
0.0848,0.84
0.085,0.848
0.0852,0.856
0.0854,0.848
0.0856,0.848
0.0858,0.856
0.086,0.84
0.0862,0.848
0.0864,0.856
0.0866,0.848
0.0868,0.848
0.087,0.856
0.0872,0.848
0.0874,0.84
0.0876,0.856
0.0878,0.848
0.088,0.848
0.0882,0.856
0.0884,0.848
0.0886,0.848
0.0888,0.856
0.089,0.848
0.0892,0.84
0.0894,0.856
0.0896,0.848
0.0898,0.84
0.09,0.848
0.0902,0.856
0.0904,0.848
0.0906,0.848
0.0908,0.856
0.091,0.84
0.0912,0.856
0.0914,0.856
0.0916,0.84
0.0918,0.856
0.092,0.856
0.0922,0.84
0.0924,0.848
0.0926,0.856
0.0928,0.848
0.093,0.848
0.0932,0.856
0.0934,0.848
0.0936,0.848
0.0938,0.864
0.094,0.848
0.0942,0.848
0.0944,0.856
0.0946,0.856
0.0948,0.848
0.095,0.856
0.0952,0.848
0.0954,0.848
0.0956,0.864
0.0958,0.848
0.096,0.84
0.0962,0.856
0.0964,0.856
0.0966,0.848
0.0968,0.864
0.097,0.848
0.0972,0.848
0.0974,0.856
0.0976,0.856
0.0978,0.848
0.098,0.856
0.0982,0.856
0.0984,0.848
0.0986,0.856
0.0988,0.856
0.099,0.848
0.0992,0.856
0.0994,0.856
0.0996,0.848
0.0998,0.856
0.1,0.864
0.1002,0.848
0.1004,0.856
0.1006,0.864
0.1008,0.848
0.101,0.848
0.1012,0.864
0.1014,0.856
0.1016,0.848
0.1018,0.864
0.102,0.848
0.1022,0.856
0.1024,0.864
0.1026,0.856
0.1028,0.848
0.103,0.864
0.1032,0.856
0.1034,0.848
0.1036,0.856
0.1038,0.856
0.104,0.848
0.1042,0.864
0.1044,0.856
0.1046,0.848
0.1048,0.864
0.105,0.856
0.1052,0.848
0.1054,0.864
0.1056,0.864
0.1058,0.848
0.106,0.856
0.1062,0.864
0.1064,0.848
0.1066,0.864
0.1068,0.864
0.107,0.856
0.1072,0.864
0.1074,0.864
0.1076,0.856
0.1078,0.864
0.108,0.864
0.1082,0.856
0.1084,0.856
0.1086,0.864
0.1088,0.856
0.109,0.856
0.1092,0.872
0.1094,0.856
0.1096,0.856
0.1098,0.864
0.11,0.864
0.1102,0.848
0.1104,0.864
0.1106,0.856
0.1108,0.856
0.111,0.856
0.1112,0.856
0.1114,0.856
0.1116,0.872
0.1118,0.864
0.112,0.848
0.1122,0.864
0.1124,0.856
0.1126,0.856
0.1128,0.872
0.113,0.856
0.1132,0.856
0.1134,0.864
0.1136,0.856
0.1138,0.856
0.114,0.864
0.1142,0.856
0.1144,0.856
0.1146,0.864
0.1148,0.864
0.115,0.856
0.1152,0.864
0.1154,0.872
0.1156,0.856
0.1158,0.864
0.116,0.872
0.1162,0.864
0.1164,0.856
0.1166,0.872
0.1168,0.856
0.117,0.864
0.1172,0.864
0.1174,0.864
0.1176,0.856
0.1178,0.864
0.118,0.856
0.1182,0.856
0.1184,0.872
0.1186,0.856
0.1188,0.864
0.119,0.864
0.1192,0.864
0.1194,0.856
0.1196,0.864
0.1198,0.864
0.12,0.864
0.1202,0.872
0.1204,0.864
0.1206,0.856
0.1208,0.872
0.121,0.864
0.1212,0.856
0.1214,0.864
0.1216,0.864
0.1218,0.856
0.122,0.872
0.1222,0.864
0.1224,0.856
0.1226,0.872
0.1228,0.872
0.123,0.856
0.1232,0.864
0.1234,0.872
0.1236,0.856
0.1238,0.864
0.124,0.872
0.1242,0.864
0.1244,0.864
0.1246,0.872
0.1248,0.856
0.125,0.864
0.1252,0.872
0.1254,0.864
0.1256,0.864
0.1258,0.872
0.126,0.864
0.1262,0.864
0.1264,0.88
0.1266,0.864
0.1268,0.864
0.127,0.872
0.1272,0.872
0.1274,0.864
0.1276,0.872
0.1278,0.864
0.128,0.864
0.1282,0.872
0.1284,0.872
0.1286,0.864
0.1288,0.872
0.129,0.864
0.1292,0.864
0.1294,0.88
0.1296,0.872
0.1298,0.864
0.13,0.872
0.1302,0.864
0.1304,0.856
0.1306,0.864
0.1308,0.864
0.131,0.864
0.1312,0.872
0.1314,0.872
0.1316,0.864
0.1318,0.864
0.132,0.88
0.1322,0.864
0.1324,0.864
0.1326,0.872
0.1328,0.864
0.133,0.872
0.1332,0.88
0.1334,0.864
0.1336,0.872
0.1338,0.88
0.134,0.864
0.1342,0.872
0.1344,0.88
0.1346,0.864
0.1348,0.864
0.135,0.872
0.1352,0.864
0.1354,0.864
0.1356,0.88
0.1358,0.872
0.136,0.872
0.1362,0.88
0.1364,0.872
0.1366,0.872
0.1368,0.88
0.137,0.872
0.1372,0.864
0.1374,0.888
0.1376,0.872
0.1378,0.864
0.138,0.88
0.1382,0.88
0.1384,0.856
0.1386,0.872
0.1388,0.88
0.139,0.872
0.1392,0.88
0.1394,0.88
0.1396,0.864
0.1398,0.88
0.14,0.872
0.1402,0.872
0.1404,0.88
0.1406,0.864
0.1408,0.864
0.141,0.88
0.1412,0.88
0.1414,0.872
0.1416,0.88
0.1418,0.888
0.142,0.872
0.1422,0.872
0.1424,0.888
0.1426,0.864
0.1428,0.872
0.143,0.88
0.1432,0.872
0.1434,0.872
0.1436,0.888
0.1438,0.872
0.144,0.872
0.1442,0.88
0.1444,0.872
0.1446,0.872
0.1448,0.88
0.145,0.872
0.1452,0.872
0.1454,0.888
0.1456,0.872
0.1458,0.872
0.146,0.88
0.1462,0.872
0.1464,0.872
0.1466,0.88
0.1468,0.872
0.147,0.872
0.1472,0.888
0.1474,0.88
0.1476,0.872
0.1478,0.88
0.148,0.88
0.1482,0.864
0.1484,0.88
0.1486,0.88
0.1488,0.864
0.149,0.88
0.1492,0.88
0.1494,0.872
0.1496,0.88
0.1498,0.88
0.15,0.872
0.1502,0.88
0.1504,0.888
0.1506,0.872
0.1508,0.88
0.151,0.888
0.1512,0.872
0.1514,0.88
0.1516,0.88
0.1518,0.88